<?xml version="1.0" encoding="windows-1252"?>
<History>
  <Object>
    <Type>PROCEDURE</Type>
    <Schema>IARS</Schema>
    <Name>ATN_FINAL_MENU</Name>
    <Valid>False</Valid>
    <Enabled>True</Enabled>
    <XtraData />
    <XtraFlag>0</XtraFlag>
    <Table />
    <TableSchema />
    <Wrapped>False</Wrapped>
    <WrapChecked>False</WrapChecked>
    <ObjID>61769</ObjID>
  </Object>
  <Object>
    <Type>PROCEDURE</Type>
    <Schema>IARS</Schema>
    <Name>ATN_FINAL_ADMIN</Name>
    <Valid>False</Valid>
    <Enabled>True</Enabled>
    <XtraData />
    <XtraFlag>0</XtraFlag>
    <Table />
    <TableSchema />
    <Wrapped>False</Wrapped>
    <WrapChecked>False</WrapChecked>
    <ObjID>61725</ObjID>
  </Object>
  <Object>
    <Type>PROCEDURE</Type>
    <Schema>IARS</Schema>
    <Name>ATN_FINAL</Name>
    <Valid>False</Valid>
    <Enabled>True</Enabled>
    <XtraData />
    <XtraFlag>0</XtraFlag>
    <Table />
    <TableSchema />
    <Wrapped>False</Wrapped>
    <WrapChecked>False</WrapChecked>
    <ObjID>61726</ObjID>
  </Object>
  <Object>
    <Type>PROCEDURE</Type>
    <Schema>IARS</Schema>
    <Name>ASO_UPDATE</Name>
    <Valid>False</Valid>
    <Enabled>True</Enabled>
    <XtraData />
    <XtraFlag>0</XtraFlag>
    <Table />
    <TableSchema />
    <Wrapped>False</Wrapped>
    <WrapChecked>False</WrapChecked>
    <ObjID>61734</ObjID>
  </Object>
  <Object>
    <Type>TABLE</Type>
    <Schema>IARS</Schema>
    <Name>D_HDAY_ADJ</Name>
    <Valid>True</Valid>
    <Enabled>True</Enabled>
    <XtraData />
    <XtraFlag>1</XtraFlag>
    <Table>TBS_ISAPIARS</Table>
    <TableSchema />
    <Wrapped>False</Wrapped>
    <WrapChecked>False</WrapChecked>
    <ObjID>-1</ObjID>
  </Object>
  <Object>
    <Type>TABLE</Type>
    <Schema>IARS</Schema>
    <Name>DAILY_PUNCH</Name>
    <Valid>True</Valid>
    <Enabled>True</Enabled>
    <XtraData />
    <XtraFlag>1</XtraFlag>
    <Table>TBS_ISAPIARS</Table>
    <TableSchema>39427.0611226852</TableSchema>
    <Wrapped>False</Wrapped>
    <WrapChecked>False</WrapChecked>
    <ObjID>2365073</ObjID>
  </Object>
  <Object>
    <Type>TABLE</Type>
    <Schema>IARS</Schema>
    <Name>DAILY_PUNCH_HIST</Name>
    <Valid>True</Valid>
    <Enabled>True</Enabled>
    <XtraData />
    <XtraFlag>3</XtraFlag>
    <Table />
    <TableSchema>39427.0799884259</TableSchema>
    <Wrapped>False</Wrapped>
    <WrapChecked>False</WrapChecked>
    <ObjID>3283281</ObjID>
  </Object>
  <Object>
    <Type>TABLE</Type>
    <Schema>IARS</Schema>
    <Name>M_EMP_ROTA_111105</Name>
    <Valid>True</Valid>
    <Enabled>True</Enabled>
    <XtraData />
    <XtraFlag>1</XtraFlag>
    <Table>TBS_ISAPIARS</Table>
    <TableSchema />
    <Wrapped>False</Wrapped>
    <WrapChecked>False</WrapChecked>
    <ObjID>-1</ObjID>
  </Object>
  <Object>
    <Type>PACKAGE</Type>
    <Schema>IARS</Schema>
    <Name>QA_SQL</Name>
    <Valid>True</Valid>
    <Enabled>True</Enabled>
    <XtraData>K</XtraData>
    <XtraFlag>0</XtraFlag>
    <Table />
    <TableSchema />
    <Wrapped>False</Wrapped>
    <WrapChecked>False</WrapChecked>
    <ObjID>62162</ObjID>
  </Object>
  <Object>
    <Type>TABLE</Type>
    <Schema>IARS</Schema>
    <Name>M_EMP_ROTA</Name>
    <Valid>True</Valid>
    <Enabled>True</Enabled>
    <XtraData />
    <XtraFlag>3</XtraFlag>
    <Table />
    <TableSchema>39427.0800231481</TableSchema>
    <Wrapped>False</Wrapped>
    <WrapChecked>False</WrapChecked>
    <ObjID>2542675</ObjID>
  </Object>
</History>
