<SAVEDSQL >
<ENTRY  name="">
<SQL ><![CDATA[select * from shmt_mensuales --where mns_var_id like 'TMPR_MX_HMG_A2';]]></SQL>
<DATABASE >172.16.1.21:1521/DBPRUEBA</DATABASE>
<USER >DESA_SSHM</USER>
<LASTEXEC >41572.6367194097</LASTEXEC>
<TYPE >0</TYPE>
</ENTRY>
<ENTRY  name="">
<SQL ><![CDATA[select * from shmt_mensuales Where mns_var_id like '%HMG%';]]></SQL>
<DATABASE >172.16.1.21:1521/DBPRUEBA</DATABASE>
<USER >DESA_SSHM</USER>
<LASTEXEC >41572.6500026736</LASTEXEC>
<TYPE >0</TYPE>
</ENTRY>
<ENTRY  name="">
<SQL ><![CDATA[select * from shmt_mensuales --Where mns_var_id like '%HMG%';]]></SQL>
<DATABASE >172.16.1.21:1521/DBPRUEBA</DATABASE>
<USER >DESA_SSHM</USER>
<LASTEXEC >41572.6500686343</LASTEXEC>
<TYPE >0</TYPE>
</ENTRY>
<ENTRY  name="">
<SQL ><![CDATA[select * from shmt_mensuales Where mns_var_id like '%HMG%' AND MNS_ANO = '2002';]]></SQL>
<DATABASE >172.16.1.21:1521/DBPRUEBA</DATABASE>
<USER >DESA_SSHM</USER>
<LASTEXEC >41572.6822932523</LASTEXEC>
<TYPE >0</TYPE>
</ENTRY>
<ENTRY  name="">
<SQL ><![CDATA[select * from shmt_mensuales-- Where mns_var_id like '%HMG%' AND MNS_ANO = '2002';]]></SQL>
<DATABASE >172.16.1.21:1521/DBPRUEBA</DATABASE>
<USER >DESA_SSHM</USER>
<LASTEXEC >41572.6823521528</LASTEXEC>
<TYPE >0</TYPE>
</ENTRY>
<ENTRY  name="">
<SQL ><![CDATA[select * from shmt_mensuales Where mns_var_id like 'NV_MX_SUI_MNS' AND MNS_ANO = '2002';]]></SQL>
<DATABASE >172.16.1.21:1521/DBPRUEBA</DATABASE>
<USER >DESA_SSHM</USER>
<LASTEXEC >41572.6825437268</LASTEXEC>
<TYPE >0</TYPE>
</ENTRY>
<ENTRY  name="">
<SQL ><![CDATA[select * from shmt_mensuales --Where mns_var_id like 'NV_MX_SUI_MNS' AND MNS_ANO = '2002';]]></SQL>
<DATABASE >172.16.1.21:1521/DBPRUEBA</DATABASE>
<USER >DESA_SSHM</USER>
<LASTEXEC >41572.6826177431</LASTEXEC>
<TYPE >0</TYPE>
</ENTRY>
<ENTRY  name="">
<SQL ><![CDATA[select * from shmt_mensuales Where mns_var_id like 'NV_MX_SUI_MNS' AND MNS_ANO = '2012';]]></SQL>
<DATABASE >172.16.1.21:1521/DBPRUEBA</DATABASE>
<USER >DESA_SSHM</USER>
<LASTEXEC >41572.6827212616</LASTEXEC>
<TYPE >0</TYPE>
</ENTRY>
<ENTRY  name="">
<SQL ><![CDATA[select * from shmt_mensuales --Where mns_var_id like 'NV_MX_SUI_MNS' AND MNS_ANO = '2012' AND MNS_USER = '15;]]></SQL>
<DATABASE >172.16.1.21:1521/DBPRUEBA</DATABASE>
<USER >DESA_SSHM</USER>
<LASTEXEC >41572.6831209491</LASTEXEC>
<TYPE >0</TYPE>
</ENTRY>
<ENTRY  name="">
<SQL ><![CDATA[select * from shmt_mensuales Where mns_var_id like 'NV_MX_SUI_MNS' AND MNS_ANO = '2012' AND MNS_USUARIO = '15';]]></SQL>
<DATABASE >172.16.1.21:1521/DBPRUEBA</DATABASE>
<USER >DESA_SSHM</USER>
<LASTEXEC >41572.6832538773</LASTEXEC>
<TYPE >0</TYPE>
</ENTRY>
<ENTRY  name="">
<SQL ><![CDATA[select * from shmt_mensuales Where mns_var_id like 'NV_MX_SUI_MNS' AND MNS_ANO = '2012' AND MNS_USUARIO = '15' AND MNS_ESTACION_ID = '19747';]]></SQL>
<DATABASE >172.16.1.21:1521/DBPRUEBA</DATABASE>
<USER >DESA_SSHM</USER>
<LASTEXEC >41572.6834797801</LASTEXEC>
<TYPE >0</TYPE>
</ENTRY>
<ENTRY  name="">
<SQL ><![CDATA[select MNS_ID from shmt_mensuales Where mns_var_id like 'NV_MX_SUI_MNS' AND MNS_ANO = '2012' AND MNS_USUARIO = '15' AND MNS_ESTACION_ID = '19747';]]></SQL>
<DATABASE >172.16.1.21:1521/DBPRUEBA</DATABASE>
<USER >DESA_SSHM</USER>
<LASTEXEC >41572.6836341319</LASTEXEC>
<TYPE >0</TYPE>
</ENTRY>
<ENTRY  name="">
<SQL ><![CDATA[SELECT MNS_ID FROM SHMT_MENSUALES WHERE MNS_VAR_ID  LIKE 'TMP_MDO_HG_A1B_ECHAM' AND MNS_ANO = '1971' AND MNS_USUARIO = '19'  AND MNS_ESTACION_ID = '2118504';]]></SQL>
<DATABASE >172.16.1.21:1521/DBPRUEBA</DATABASE>
<USER >DESA_SSHM</USER>
<LASTEXEC >41572.7171744444</LASTEXEC>
<TYPE >0</TYPE>
</ENTRY>
<ENTRY  name="">
<SQL ><![CDATA[select count(*) from shmt_mensuales;]]></SQL>
<DATABASE >172.16.1.21:1521/DBPRUEBA</DATABASE>
<USER >DESA_SSHM</USER>
<LASTEXEC >41572.735640463</LASTEXEC>
<TYPE >0</TYPE>
</ENTRY>
<ENTRY  name="">
<SQL ><![CDATA[select max( mns_fecha ) from shmt_mensuales;]]></SQL>
<DATABASE >172.16.1.21:1521/DBPRUEBA</DATABASE>
<USER >DESA_SSHM</USER>
<LASTEXEC >41572.7356826968</LASTEXEC>
<TYPE >0</TYPE>
</ENTRY>
<ENTRY  name="">
<SQL ><![CDATA[select * 
--count(*)
 from shmt_mensuales;]]></SQL>
<DATABASE >172.16.1.21:1521/DBPRUEBA</DATABASE>
<USER >DESA_SSHM</USER>
<LASTEXEC >41572.7358471991</LASTEXEC>
<TYPE >0</TYPE>
</ENTRY>
<ENTRY  name="">
<SQL ><![CDATA[select * 
--count(*)
 from shmt_mensuales
 ORDER BY MNS_FECHA DESC;]]></SQL>
<DATABASE >172.16.1.21:1521/DBPRUEBA</DATABASE>
<USER >DESA_SSHM</USER>
<LASTEXEC >41572.7977334143</LASTEXEC>
<TYPE >0</TYPE>
</ENTRY>
<ENTRY  name="">
<SQL ><![CDATA[SELECT MNS_ID FROM SHMT_MENSUALES WHERE MNS_VAR_ID  LIKE 'TMPR_MDO_HMG_A2' AND MNS_ANO = '1971' AND MNS_USUARIO = '19'  AND MNS_ESTACION_ID = '2118504';]]></SQL>
<DATABASE >172.16.1.21:1521/DBPRUEBA</DATABASE>
<USER >DESA_SSHM</USER>
<LASTEXEC >41572.7457524769</LASTEXEC>
<TYPE >0</TYPE>
</ENTRY>
<ENTRY  name="">
<SQL ><![CDATA[select --* 
count(*)
 from shmt_mensuales
 --ORDER BY MNS_FECHA DESC;]]></SQL>
<DATABASE >172.16.1.21:1521/DBPRUEBA</DATABASE>
<USER >DESA_SSHM</USER>
<LASTEXEC >41572.752388588</LASTEXEC>
<TYPE >0</TYPE>
</ENTRY>
<ENTRY  name="">
<SQL ><![CDATA[select * 
--count(*)
 from shmt_mensuales
 ORDER BY MNS_estacion_id asc;]]></SQL>
<DATABASE >172.16.1.21:1521/DBPRUEBA</DATABASE>
<USER >DESA_SSHM</USER>
<LASTEXEC >41572.8009122454</LASTEXEC>
<TYPE >0</TYPE>
</ENTRY>
<ENTRY  name="">
<SQL ><![CDATA[select * 
--count(*)
 from shmt_mensuales
 ORDER BY MNS_id asc;]]></SQL>
<DATABASE >172.16.1.21:1521/DBPRUEBA</DATABASE>
<USER >DESA_SSHM</USER>
<LASTEXEC >41572.801160706</LASTEXEC>
<TYPE >0</TYPE>
</ENTRY>
<ENTRY  name="">
<SQL ><![CDATA[select mns_id
--count(*)
 from shmt_mensuales
 ORDER BY MNS_id asc;]]></SQL>
<DATABASE >172.16.1.21:1521/DBPRUEBA</DATABASE>
<USER >DESA_SSHM</USER>
<LASTEXEC >41572.8017480324</LASTEXEC>
<TYPE >0</TYPE>
</ENTRY>
<ENTRY  name="">
<SQL ><![CDATA[select mns_id
--count(*)
 from shmt_mensuales
 ORDER BY MNS_id desc;]]></SQL>
<DATABASE >172.16.1.21:1521/DBPRUEBA</DATABASE>
<USER >DESA_SSHM</USER>
<LASTEXEC >41572.8017118519</LASTEXEC>
<TYPE >0</TYPE>
</ENTRY>
<ENTRY  name="">
<SQL ><![CDATA[select *
--count(*)
 from shmt_mensuales
 ORDER BY MNS_fecha asc;]]></SQL>
<DATABASE >172.16.1.21:1521/DBPRUEBA</DATABASE>
<USER >DESA_SSHM</USER>
<LASTEXEC >41572.8018629514</LASTEXEC>
<TYPE >0</TYPE>
</ENTRY>
<ENTRY  name="">
<SQL ><![CDATA[select *
--count(*)
 from shmt_mensuales
 ORDER BY MNS_fecha desc;]]></SQL>
<DATABASE >172.16.1.21:1521/DBPRUEBA</DATABASE>
<USER >DESA_SSHM</USER>
<LASTEXEC >41573.5418809491</LASTEXEC>
<TYPE >0</TYPE>
</ENTRY>
<ENTRY  name="">
<SQL ><![CDATA[Select MSFL_CODE from idt_measure_fields
Where MSFL_MSTP_CODE = 'SRE_HMG'
and MSFL_DESCRIPTION like '%Precipitacion%Homogenizada%dobles%masas%';]]></SQL>
<DATABASE >172.16.1.21:1521/DBPRUEBA</DATABASE>
<USER >DESA_SSHM</USER>
<LASTEXEC >41572.9667376505</LASTEXEC>
<TYPE >0</TYPE>
</ENTRY>
<ENTRY  name="">
<SQL ><![CDATA[select --*
count(*)
 from shmt_mensuales
-- ORDER BY MNS_fecha desc;]]></SQL>
<DATABASE >172.16.1.21:1521/DBPRUEBA</DATABASE>
<USER >DESA_SSHM</USER>
<LASTEXEC >41573.5376264468</LASTEXEC>
<TYPE >0</TYPE>
</ENTRY>
<ENTRY  name="">
<SQL ><![CDATA[select 
--*
count(*)
 from shmt_mensuales
 --ORDER BY MNS_fecha desc;]]></SQL>
<DATABASE >172.16.1.21:1521/DBPRUEBA</DATABASE>
<USER >DESA_SSHM</USER>
<LASTEXEC >41575.9662258565</LASTEXEC>
<TYPE >0</TYPE>
</ENTRY>
<ENTRY  name="">
<SQL ><![CDATA[select 
*
--count(*)
 from shmt_mensuales
 ORDER BY MNS_fecha desc;]]></SQL>
<DATABASE >172.16.1.21:1521/DBPRUEBA</DATABASE>
<USER >DESA_SSHM</USER>
<LASTEXEC >41578.3683056134</LASTEXEC>
<TYPE >0</TYPE>
</ENTRY>
<ENTRY  name="">
<SQL ><![CDATA[SELECT ESTACION_ID FROM sio_estaciones where codIGO_catalogo like'%2118504%';]]></SQL>
<DATABASE >172.16.1.21:1521/DBPRUEBA</DATABASE>
<USER >DESA_SSHM</USER>
<LASTEXEC >41584.4144252431</LASTEXEC>
<TYPE >0</TYPE>
</ENTRY>
<ENTRY  name="">
<SQL ><![CDATA[SELECT * FROM sio_estaciones where codIGO_catalogo like'%2118504%';]]></SQL>
<DATABASE >172.16.1.21:1521/DBPRUEBA</DATABASE>
<USER >DESA_SSHM</USER>
<LASTEXEC >41584.4134529167</LASTEXEC>
<TYPE >0</TYPE>
</ENTRY>
<ENTRY  name="">
<SQL ><![CDATA[SELECT * FROM siov_estaciones --where cod_catalogo like'%2118504%';]]></SQL>
<DATABASE >172.16.1.21:1521/DBPRUEBA</DATABASE>
<USER >DESA_SSHM</USER>
<LASTEXEC >41584.4139123611</LASTEXEC>
<TYPE >0</TYPE>
</ENTRY>
<ENTRY  name="">
<SQL ><![CDATA[select to_number(to_char('8,8')), to_number(to_char('8,8')) from dual;]]></SQL>
<DATABASE >172.16.1.21:1521/DBPRUEBA</DATABASE>
<USER >DESA_SSHM</USER>
<LASTEXEC >41584.4230396065</LASTEXEC>
<TYPE >0</TYPE>
</ENTRY>
<ENTRY  name="">
<SQL ><![CDATA[select to_number(to_char(8.8)), to_number(to_char('8,8')) from dual;]]></SQL>
<DATABASE >172.16.1.21:1521/DBPRUEBA</DATABASE>
<USER >DESA_SSHM</USER>
<LASTEXEC >41584.4231181134</LASTEXEC>
<TYPE >0</TYPE>
</ENTRY>
<ENTRY  name="">
<SQL ><![CDATA[select SYSDATE - 24/24, SYSDATE -28/24 from dual;]]></SQL>
<DATABASE >172.16.1.21:1521/DBPRUEBA</DATABASE>
<USER >DESA_SSHM</USER>
<LASTEXEC >41584.4263781597</LASTEXEC>
<TYPE >0</TYPE>
</ENTRY>
<ENTRY  name="">
<SQL ><![CDATA[select SYSDATE - 24/24, SYSDATE -48/24 from dual;]]></SQL>
<DATABASE >172.16.1.21:1521/DBPRUEBA</DATABASE>
<USER >DESA_SSHM</USER>
<LASTEXEC >41584.4265328588</LASTEXEC>
<TYPE >0</TYPE>
</ENTRY>
<ENTRY  name="">
<SQL ><![CDATA[select * from shmt_mensuales order by mns_fecha desc;]]></SQL>
<DATABASE >172.16.1.21:1521/DBPRUEBA</DATABASE>
<USER >DESA_SSHM</USER>
<LASTEXEC >41585.5750082407</LASTEXEC>
<TYPE >0</TYPE>
</ENTRY>
<ENTRY  name="">
<SQL ><![CDATA[select TO_NUMBER(replace(80.0,'.',',')) from dual;]]></SQL>
<DATABASE >172.16.1.21:1521/DBPRUEBA</DATABASE>
<USER >DESA_SSHM</USER>
<LASTEXEC >41584.9384546875</LASTEXEC>
<TYPE >0</TYPE>
</ENTRY>
<ENTRY  name="">
<SQL ><![CDATA[SELECT siov.ALTITUD, siov.COD_INTERNO_ES, rank() OVER (ORDER BY COD_INTERNO_ES) as seq_num, trunc((siov.GRADOS_LATITUD+(siov.MINUTOS_LATITUD/60)+(siov.SEGUNDOS_LATITUD/3600) )*decode(siov.DIRECCION_LATITUD,'N',1,'S',-1),5), trunc((siov.GRADOS_LONGITUD+(siov.MINUTOS_LONGITUD/60)+(siov.SEGUNDOS_LONGITUD/3600) )*decode(siov.DIRECCION_LONGITUD,'E',1,'W',-1),5), siov.NOMBRE_ES, siov.NOMBRE_PMA, trunc(STATS_MODE(CASE WHEN SENSOR = 104 THEN TO_NUMBER(replace(dato,'.',',')) ELSE 0 END),5), trunc(AVG(CASE WHEN SENSOR = 27 THEN TO_NUMBER(replace(dato,'.',',')) ELSE 0 END),5), trunc(SUM(CASE WHEN SENSOR = 240 THEN TO_NUMBER(replace(dato,'.',',')) ELSE 0 END),5), trunc(MAX(CASE WHEN SENSOR = 255 THEN TO_NUMBER(replace(dato,'.',',')) ELSE 0 END) ,5), trunc((MAX(CASE WHEN SENSOR = 255 THEN TO_NUMBER(replace(dato,'.',',')) ELSE 0 END))*(exp((siov.altitud*9.8)/(286.8*292.4))),5), trunc(MAX(CASE WHEN SENSOR = 68 THEN (TO_NUMBER(replace(dato,'.',','))+273) ELSE 0 END),5), trunc(MAX(CASE WHEN SENSOR = 69 THEN (TO_NUMBER(replace(dato,'.',','))+273) ELSE 0 END),5), trunc(MIN(CASE WHEN SENSOR = 70 THEN (TO_NUMBER(replace(dato,'.',','))+273) ELSE 0 END),5), trunc(AVG(CASE WHEN SENSOR = 103 THEN TO_NUMBER(replace(dato,'.',',')) ELSE 0 END),5) FROM siov_estaciones siov, saai_temporal saai WHERE saai.estacion = siov.cod_interno_es AND saai.fecha   >= to_date('6-11-2013 18:00:00','dd-mm-yyyy hh24:mi:ss') and fecha <= to_date('6-11-2013 18:59:59','dd-mm-yyyy hh24:mi:ss') GROUP BY cod_interno_es,nombre_pma,nombre_es,grados_latitud,minutos_latitud,segundos_latitud,direccion_latitud,GRADOS_LONGITUD,MINUTOS_LONGITUD,SEGUNDOS_LONGITUD,DIRECCION_LONGITUD,ALTITUD  ORDER BY seq_num;]]></SQL>
<DATABASE >172.16.2.29:1521/DBPRUEBA</DATABASE>
<USER >DESA_SSHM</USER>
<LASTEXEC >41584.9563612269</LASTEXEC>
<TYPE >0</TYPE>
</ENTRY>
<ENTRY  name="">
<SQL ><![CDATA[SELECT siov.ALTITUD, siov.COD_INTERNO_ES, rank() OVER (ORDER BY COD_INTERNO_ES) as seq_num, trunc((siov.GRADOS_LATITUD+(siov.MINUTOS_LATITUD/60)+(siov.SEGUNDOS_LATITUD/3600) )*decode(siov.DIRECCION_LATITUD,'N',1,'S',-1),5), trunc((siov.GRADOS_LONGITUD+(siov.MINUTOS_LONGITUD/60)+(siov.SEGUNDOS_LONGITUD/3600) )*decode(siov.DIRECCION_LONGITUD,'E',1,'W',-1),5), siov.NOMBRE_ES, siov.NOMBRE_PMA, trunc(STATS_MODE(CASE WHEN SENSOR = 104 THEN TO_NUMBER(replace(dato,'.',',')) ELSE 0 END),5), trunc(AVG(CASE WHEN SENSOR = 27 THEN TO_NUMBER(replace(dato,'.',',')) ELSE 0 END),5), trunc(SUM(CASE WHEN SENSOR = 240 THEN TO_NUMBER(replace(dato,'.',',')) ELSE 0 END),5), trunc(MAX(CASE WHEN SENSOR = 255 THEN TO_NUMBER(replace(dato,'.',',')) ELSE 0 END) ,5), trunc((MAX(CASE WHEN SENSOR = 255 THEN TO_NUMBER(replace(dato,'.',',')) ELSE 0 END))*(exp((siov.altitud*9.8)/(286.8*292.4))),5), trunc(MAX(CASE WHEN SENSOR = 68 THEN (TO_NUMBER(replace(dato,'.',','))+273) ELSE 0 END),5), trunc(MAX(CASE WHEN SENSOR = 69 THEN (TO_NUMBER(replace(dato,'.',','))+273) ELSE 0 END),5), trunc(MIN(CASE WHEN SENSOR = 70 THEN (TO_NUMBER(replace(dato,'.',','))+273) ELSE 0 END),5), trunc(AVG(CASE WHEN SENSOR = 103 THEN TO_NUMBER(replace(dato,'.',',')) ELSE 0 END),5) FROM siov_estaciones siov, saai_temporal saai WHERE saai.estacion = siov.cod_interno_es AND saai.fecha   >= to_date('1-11-2013 18:00:00','dd-mm-yyyy hh24:mi:ss') and fecha <= to_date('6-11-2013 18:59:59','dd-mm-yyyy hh24:mi:ss')
GROUP BY cod_interno_es,nombre_pma,nombre_es,grados_latitud,minutos_latitud,
segundos_latitud,direccion_latitud,GRADOS_LONGITUD,MINUTOS_LONGITUD,SEGUNDOS_LONGITUD,DIRECCION_LONGITUD,ALTITUD  ORDER BY seq_num;]]></SQL>
<DATABASE >172.16.1.21:1521/DBPRUEBA</DATABASE>
<USER >DESA_SSHM</USER>
<LASTEXEC >41584.9548030671</LASTEXEC>
<TYPE >0</TYPE>
</ENTRY>
<ENTRY  name="">
<SQL ><![CDATA[SELECT siov.ALTITUD, siov.COD_INTERNO_ES, rank() OVER (ORDER BY COD_INTERNO_ES) as seq_num, trunc((siov.GRADOS_LATITUD+(siov.MINUTOS_LATITUD/60)+(siov.SEGUNDOS_LATITUD/3600) )*decode(siov.DIRECCION_LATITUD,'N',1,'S',-1),5), trunc((siov.GRADOS_LONGITUD+(siov.MINUTOS_LONGITUD/60)+(siov.SEGUNDOS_LONGITUD/3600) )*decode(siov.DIRECCION_LONGITUD,'E',1,'W',-1),5), siov.NOMBRE_ES, siov.NOMBRE_PMA, trunc(STATS_MODE(CASE WHEN SENSOR = 104 THEN TO_NUMBER(replace(dato,'.',',')) ELSE 0 END),5), trunc(AVG(CASE WHEN SENSOR = 27 THEN TO_NUMBER(replace(dato,'.',',')) ELSE 0 END),5), trunc(SUM(CASE WHEN SENSOR = 240 THEN TO_NUMBER(replace(dato,'.',',')) ELSE 0 END),5), trunc(MAX(CASE WHEN SENSOR = 255 THEN TO_NUMBER(replace(dato,'.',',')) ELSE 0 END) ,5), trunc((MAX(CASE WHEN SENSOR = 255 THEN TO_NUMBER(replace(dato,'.',',')) ELSE 0 END))*(exp((siov.altitud*9.8)/(286.8*292.4))),5), trunc(MAX(CASE WHEN SENSOR = 68 THEN (TO_NUMBER(replace(dato,'.',','))+273) ELSE 0 END),5), trunc(MAX(CASE WHEN SENSOR = 69 THEN (TO_NUMBER(replace(dato,'.',','))+273) ELSE 0 END),5), trunc(MIN(CASE WHEN SENSOR = 70 THEN (TO_NUMBER(replace(dato,'.',','))+273) ELSE 0 END),5), trunc(AVG(CASE WHEN SENSOR = 103 THEN TO_NUMBER(replace(dato,'.',',')) ELSE 0 END),5) FROM siov_estaciones siov, saai_temporal saai WHERE saai.estacion = siov.cod_interno_es AND saai.fecha   >= to_date('1-11-2011 18:00:00','dd-mm-yyyy hh24:mi:ss') and fecha <= to_date('6-11-2013 18:59:59','dd-mm-yyyy hh24:mi:ss')
GROUP BY cod_interno_es,nombre_pma,nombre_es,grados_latitud,minutos_latitud,
segundos_latitud,direccion_latitud,GRADOS_LONGITUD,MINUTOS_LONGITUD,SEGUNDOS_LONGITUD,DIRECCION_LONGITUD,ALTITUD  ORDER BY seq_num;]]></SQL>
<DATABASE >172.16.1.21:1521/DBPRUEBA</DATABASE>
<USER >DESA_SSHM</USER>
<LASTEXEC >41584.9548439468</LASTEXEC>
<TYPE >0</TYPE>
</ENTRY>
<ENTRY  name="">
<SQL ><![CDATA[SELECT siov.ALTITUD, siov.COD_INTERNO_ES, rank() OVER (ORDER BY COD_INTERNO_ES) as seq_num, trunc((siov.GRADOS_LATITUD+(siov.MINUTOS_LATITUD/60)+(siov.SEGUNDOS_LATITUD/3600) )*decode(siov.DIRECCION_LATITUD,'N',1,'S',-1),5), trunc((siov.GRADOS_LONGITUD+(siov.MINUTOS_LONGITUD/60)+(siov.SEGUNDOS_LONGITUD/3600) )*decode(siov.DIRECCION_LONGITUD,'E',1,'W',-1),5), siov.NOMBRE_ES, siov.NOMBRE_PMA, trunc(STATS_MODE(CASE WHEN SENSOR = 104 THEN TO_NUMBER(replace(dato,'.',',')) ELSE 0 END),5), trunc(AVG(CASE WHEN SENSOR = 27 THEN TO_NUMBER(replace(dato,'.',',')) ELSE 0 END),5), trunc(SUM(CASE WHEN SENSOR = 240 THEN TO_NUMBER(replace(dato,'.',',')) ELSE 0 END),5), trunc(MAX(CASE WHEN SENSOR = 255 THEN TO_NUMBER(replace(dato,'.',',')) ELSE 0 END) ,5), trunc((MAX(CASE WHEN SENSOR = 255 THEN TO_NUMBER(replace(dato,'.',',')) ELSE 0 END))*(exp((siov.altitud*9.8)/(286.8*292.4))),5), trunc(MAX(CASE WHEN SENSOR = 68 THEN (TO_NUMBER(replace(dato,'.',','))+273) ELSE 0 END),5), trunc(MAX(CASE WHEN SENSOR = 69 THEN (TO_NUMBER(replace(dato,'.',','))+273) ELSE 0 END),5), trunc(MIN(CASE WHEN SENSOR = 70 THEN (TO_NUMBER(replace(dato,'.',','))+273) ELSE 0 END),5), trunc(AVG(CASE WHEN SENSOR = 103 THEN TO_NUMBER(replace(dato,'.',',')) ELSE 0 END),5) FROM siov_estaciones siov, saai_temporal saai WHERE saai.estacion = siov.cod_interno_es AND saai.fecha   >= to_date('1-11-2011 18:00:00','dd-mm-yyyy hh24:mi:ss') and fecha <= to_date('1-11-2011 18:59:59','dd-mm-yyyy hh24:mi:ss')
GROUP BY cod_interno_es,nombre_pma,nombre_es,grados_latitud,minutos_latitud,
segundos_latitud,direccion_latitud,GRADOS_LONGITUD,MINUTOS_LONGITUD,SEGUNDOS_LONGITUD,DIRECCION_LONGITUD,ALTITUD  ORDER BY seq_num;]]></SQL>
<DATABASE >172.16.1.21:1521/DBPRUEBA</DATABASE>
<USER >DESA_SSHM</USER>
<LASTEXEC >41584.9549326157</LASTEXEC>
<TYPE >0</TYPE>
</ENTRY>
<ENTRY  name="">
<SQL ><![CDATA[SELECT siov.ALTITUD, siov.COD_INTERNO_ES, rank() OVER (ORDER BY COD_INTERNO_ES) as seq_num, trunc((siov.GRADOS_LATITUD+(siov.MINUTOS_LATITUD/60)+(siov.SEGUNDOS_LATITUD/3600) )*decode(siov.DIRECCION_LATITUD,'N',1,'S',-1),5), trunc((siov.GRADOS_LONGITUD+(siov.MINUTOS_LONGITUD/60)+(siov.SEGUNDOS_LONGITUD/3600) )*decode(siov.DIRECCION_LONGITUD,'E',1,'W',-1),5), siov.NOMBRE_ES, siov.NOMBRE_PMA, trunc(STATS_MODE(CASE WHEN SENSOR = 104 THEN TO_NUMBER(replace(dato,'.',',')) ELSE 0 END),5), trunc(AVG(CASE WHEN SENSOR = 27 THEN TO_NUMBER(replace(dato,'.',',')) ELSE 0 END),5), trunc(SUM(CASE WHEN SENSOR = 240 THEN TO_NUMBER(replace(dato,'.',',')) ELSE 0 END),5), trunc(MAX(CASE WHEN SENSOR = 255 THEN TO_NUMBER(replace(dato,'.',',')) ELSE 0 END) ,5), trunc((MAX(CASE WHEN SENSOR = 255 THEN TO_NUMBER(replace(dato,'.',',')) ELSE 0 END))*(exp((siov.altitud*9.8)/(286.8*292.4))),5), trunc(MAX(CASE WHEN SENSOR = 68 THEN (TO_NUMBER(replace(dato,'.',','))+273) ELSE 0 END),5), trunc(MAX(CASE WHEN SENSOR = 69 THEN (TO_NUMBER(replace(dato,'.',','))+273) ELSE 0 END),5), trunc(MIN(CASE WHEN SENSOR = 70 THEN (TO_NUMBER(replace(dato,'.',','))+273) ELSE 0 END),5), trunc(AVG(CASE WHEN SENSOR = 103 THEN TO_NUMBER(replace(dato,'.',',')) ELSE 0 END),5) FROM siov_estaciones siov, saai_temporal saai WHERE saai.estacion = siov.cod_interno_es AND saai.fecha   >= to_date('1-11-2011 00:00:00','dd-mm-yyyy hh24:mi:ss') and fecha <= to_date('1-11-2011 23:59:59','dd-mm-yyyy hh24:mi:ss')
GROUP BY cod_interno_es,nombre_pma,nombre_es,grados_latitud,minutos_latitud,
segundos_latitud,direccion_latitud,GRADOS_LONGITUD,MINUTOS_LONGITUD,SEGUNDOS_LONGITUD,DIRECCION_LONGITUD,ALTITUD  ORDER BY seq_num;]]></SQL>
<DATABASE >172.16.1.21:1521/DBPRUEBA</DATABASE>
<USER >DESA_SSHM</USER>
<LASTEXEC >41584.9550741088</LASTEXEC>
<TYPE >0</TYPE>
</ENTRY>
<ENTRY  name="">
<SQL ><![CDATA[SELECT siov.ALTITUD, siov.COD_INTERNO_ES, rank() OVER (ORDER BY COD_INTERNO_ES) as seq_num, trunc((siov.GRADOS_LATITUD+(siov.MINUTOS_LATITUD/60)+(siov.SEGUNDOS_LATITUD/3600) )*decode(siov.DIRECCION_LATITUD,'N',1,'S',-1),5), trunc((siov.GRADOS_LONGITUD+(siov.MINUTOS_LONGITUD/60)+(siov.SEGUNDOS_LONGITUD/3600) )*decode(siov.DIRECCION_LONGITUD,'E',1,'W',-1),5), siov.NOMBRE_ES, siov.NOMBRE_PMA, trunc(STATS_MODE(CASE WHEN SENSOR = 104 THEN TO_NUMBER(replace(dato,'.',',')) ELSE 0 END),5), trunc(AVG(CASE WHEN SENSOR = 27 THEN TO_NUMBER(replace(dato,'.',',')) ELSE 0 END),5), trunc(SUM(CASE WHEN SENSOR = 240 THEN TO_NUMBER(replace(dato,'.',',')) ELSE 0 END),5), trunc(MAX(CASE WHEN SENSOR = 255 THEN TO_NUMBER(replace(dato,'.',',')) ELSE 0 END) ,5), trunc((MAX(CASE WHEN SENSOR = 255 THEN TO_NUMBER(replace(dato,'.',',')) ELSE 0 END))*(exp((siov.altitud*9.8)/(286.8*292.4))),5), trunc(MAX(CASE WHEN SENSOR = 68 THEN (TO_NUMBER(replace(dato,'.',','))+273) ELSE 0 END),5), trunc(MAX(CASE WHEN SENSOR = 69 THEN (TO_NUMBER(replace(dato,'.',','))+273) ELSE 0 END),5), trunc(MIN(CASE WHEN SENSOR = 70 THEN (TO_NUMBER(replace(dato,'.',','))+273) ELSE 0 END),5), trunc(AVG(CASE WHEN SENSOR = 103 THEN TO_NUMBER(replace(dato,'.',',')) ELSE 0 END),5) FROM siov_estaciones siov, saai_temporal saai WHERE saai.estacion = siov.cod_interno_es AND saai.fecha   >= to_date('1-01-2011 00:00:00','dd-mm-yyyy hh24:mi:ss') and fecha <= to_date('1-11-2011 23:59:59','dd-mm-yyyy hh24:mi:ss')
GROUP BY cod_interno_es,nombre_pma,nombre_es,grados_latitud,minutos_latitud,
segundos_latitud,direccion_latitud,GRADOS_LONGITUD,MINUTOS_LONGITUD,SEGUNDOS_LONGITUD,DIRECCION_LONGITUD,ALTITUD  ORDER BY seq_num;]]></SQL>
<DATABASE >172.16.1.21:1521/DBPRUEBA</DATABASE>
<USER >DESA_SSHM</USER>
<LASTEXEC >41584.95519625</LASTEXEC>
<TYPE >0</TYPE>
</ENTRY>
<ENTRY  name="">
<SQL ><![CDATA[SELECT siov.ALTITUD, siov.COD_INTERNO_ES, rank() OVER (ORDER BY COD_INTERNO_ES) as seq_num, trunc((siov.GRADOS_LATITUD+(siov.MINUTOS_LATITUD/60)+(siov.SEGUNDOS_LATITUD/3600) )*decode(siov.DIRECCION_LATITUD,'N',1,'S',-1),5), trunc((siov.GRADOS_LONGITUD+(siov.MINUTOS_LONGITUD/60)+(siov.SEGUNDOS_LONGITUD/3600) )*decode(siov.DIRECCION_LONGITUD,'E',1,'W',-1),5), siov.NOMBRE_ES, siov.NOMBRE_PMA, trunc(STATS_MODE(CASE WHEN SENSOR = 104 THEN TO_NUMBER(replace(dato,'.',',')) ELSE 0 END),5), trunc(AVG(CASE WHEN SENSOR = 27 THEN TO_NUMBER(replace(dato,'.',',')) ELSE 0 END),5), trunc(SUM(CASE WHEN SENSOR = 240 THEN TO_NUMBER(replace(dato,'.',',')) ELSE 0 END),5), trunc(MAX(CASE WHEN SENSOR = 255 THEN TO_NUMBER(replace(dato,'.',',')) ELSE 0 END) ,5), trunc((MAX(CASE WHEN SENSOR = 255 THEN TO_NUMBER(replace(dato,'.',',')) ELSE 0 END))*(exp((siov.altitud*9.8)/(286.8*292.4))),5), trunc(MAX(CASE WHEN SENSOR = 68 THEN (TO_NUMBER(replace(dato,'.',','))+273) ELSE 0 END),5), trunc(MAX(CASE WHEN SENSOR = 69 THEN (TO_NUMBER(replace(dato,'.',','))+273) ELSE 0 END),5), trunc(MIN(CASE WHEN SENSOR = 70 THEN (TO_NUMBER(replace(dato,'.',','))+273) ELSE 0 END),5), trunc(AVG(CASE WHEN SENSOR = 103 THEN TO_NUMBER(replace(dato,'.',',')) ELSE 0 END),5) FROM siov_estaciones siov, saai_temporal saai WHERE saai.estacion = siov.cod_interno_es AND saai.fecha   >= to_date('1-01-1990 00:00:00','dd-mm-yyyy hh24:mi:ss') and fecha <= to_date('1-11-2011 23:59:59','dd-mm-yyyy hh24:mi:ss')
GROUP BY cod_interno_es,nombre_pma,nombre_es,grados_latitud,minutos_latitud,
segundos_latitud,direccion_latitud,GRADOS_LONGITUD,MINUTOS_LONGITUD,SEGUNDOS_LONGITUD,DIRECCION_LONGITUD,ALTITUD  ORDER BY seq_num;]]></SQL>
<DATABASE >172.16.1.21:1521/DBPRUEBA</DATABASE>
<USER >DESA_SSHM</USER>
<LASTEXEC >41584.9552733912</LASTEXEC>
<TYPE >0</TYPE>
</ENTRY>
<ENTRY  name="">
<SQL ><![CDATA[SELECT siov.ALTITUD, siov.COD_INTERNO_ES, rank() OVER (ORDER BY COD_INTERNO_ES) as seq_num, trunc((siov.GRADOS_LATITUD+(siov.MINUTOS_LATITUD/60)+(siov.SEGUNDOS_LATITUD/3600) )*decode(siov.DIRECCION_LATITUD,'N',1,'S',-1),5), trunc((siov.GRADOS_LONGITUD+(siov.MINUTOS_LONGITUD/60)+(siov.SEGUNDOS_LONGITUD/3600) )*decode(siov.DIRECCION_LONGITUD,'E',1,'W',-1),5), siov.NOMBRE_ES, siov.NOMBRE_PMA, trunc(STATS_MODE(CASE WHEN SENSOR = 104 THEN TO_NUMBER(replace(dato,'.',',')) ELSE 0 END),5), trunc(AVG(CASE WHEN SENSOR = 27 THEN TO_NUMBER(replace(dato,'.',',')) ELSE 0 END),5), trunc(SUM(CASE WHEN SENSOR = 240 THEN TO_NUMBER(replace(dato,'.',',')) ELSE 0 END),5), trunc(MAX(CASE WHEN SENSOR = 255 THEN TO_NUMBER(replace(dato,'.',',')) ELSE 0 END) ,5), trunc((MAX(CASE WHEN SENSOR = 255 THEN TO_NUMBER(replace(dato,'.',',')) ELSE 0 END))*(exp((siov.altitud*9.8)/(286.8*292.4))),5), trunc(MAX(CASE WHEN SENSOR = 68 THEN (TO_NUMBER(replace(dato,'.',','))+273) ELSE 0 END),5), trunc(MAX(CASE WHEN SENSOR = 69 THEN (TO_NUMBER(replace(dato,'.',','))+273) ELSE 0 END),5), trunc(MIN(CASE WHEN SENSOR = 70 THEN (TO_NUMBER(replace(dato,'.',','))+273) ELSE 0 END),5), trunc(AVG(CASE WHEN SENSOR = 103 THEN TO_NUMBER(replace(dato,'.',',')) ELSE 0 END),5)
FROM siov_estaciones siov, saai_temporal saai WHERE saai.estacion = siov.cod_interno_es
AND saai.fecha   >= to_date('6-11-2013 18:00:00','dd-mm-yyyy hh24:mi:ss') and fecha <= to_date('6-11-2013 18:59:59','dd-mm-yyyy hh24:mi:ss')
GROUP BY cod_interno_es,nombre_pma,nombre_es,grados_latitud,minutos_latitud,segundos_latitud,direccion_latitud,GRADOS_LONGITUD,MINUTOS_LONGITUD,SEGUNDOS_LONGITUD,DIRECCION_LONGITUD,ALTITUD
ORDER BY seq_num;]]></SQL>
<DATABASE >172.16.2.29:1521/DBPRUEBA</DATABASE>
<USER >DESA_SSHM</USER>
<LASTEXEC >41584.9567659954</LASTEXEC>
<TYPE >0</TYPE>
</ENTRY>
<ENTRY  name="">
<SQL ><![CDATA[SELECT siov.ALTITUD, siov.COD_INTERNO_ES, rank() OVER (ORDER BY COD_INTERNO_ES) as seq_num, trunc((siov.GRADOS_LATITUD+(siov.MINUTOS_LATITUD/60)+(siov.SEGUNDOS_LATITUD/3600) )*decode(siov.DIRECCION_LATITUD,'N',1,'S',-1),5), trunc((siov.GRADOS_LONGITUD+(siov.MINUTOS_LONGITUD/60)+(siov.SEGUNDOS_LONGITUD/3600) )*decode(siov.DIRECCION_LONGITUD,'E',1,'W',-1),5), siov.NOMBRE_ES, siov.NOMBRE_PMA, trunc(STATS_MODE(CASE WHEN SENSOR = 104 THEN TO_NUMBER(replace(dato,'.',',')) ELSE 0 END),5), trunc(AVG(CASE WHEN SENSOR = 27 THEN TO_NUMBER(replace(dato,'.',',')) ELSE 0 END),5), trunc(SUM(CASE WHEN SENSOR = 240 THEN TO_NUMBER(replace(dato,'.',',')) ELSE 0 END),5), trunc(MAX(CASE WHEN SENSOR = 255 THEN TO_NUMBER(replace(dato,'.',',')) ELSE 0 END) ,5), trunc((MAX(CASE WHEN SENSOR = 255 THEN TO_NUMBER(replace(dato,'.',',')) ELSE 0 END))*(exp((siov.altitud*9.8)/(286.8*292.4))),5), trunc(MAX(CASE WHEN SENSOR = 68 THEN (TO_NUMBER(replace(dato,'.',','))+273) ELSE 0 END),5), trunc(MAX(CASE WHEN SENSOR = 69 THEN (TO_NUMBER(replace(dato,'.',','))+273) ELSE 0 END),5), trunc(MIN(CASE WHEN SENSOR = 70 THEN (TO_NUMBER(replace(dato,'.',','))+273) ELSE 0 END),5), trunc(AVG(CASE WHEN SENSOR = 103 THEN TO_NUMBER(replace(dato,'.',',')) ELSE 0 END),5)
FROM siov_estaciones siov, saai_temporal saai WHERE saai.estacion = siov.cod_interno_es
AND saai.fecha   >= to_date('6-11-2011 00:00:00','dd-mm-yyyy hh24:mi:ss') and fecha <= to_date('6-11-2013 18:59:59','dd-mm-yyyy hh24:mi:ss')
GROUP BY cod_interno_es,nombre_pma,nombre_es,grados_latitud,minutos_latitud,segundos_latitud,direccion_latitud,GRADOS_LONGITUD,MINUTOS_LONGITUD,SEGUNDOS_LONGITUD,DIRECCION_LONGITUD,ALTITUD
ORDER BY seq_num;]]></SQL>
<DATABASE >172.16.2.29:1521/DBPRUEBA</DATABASE>
<USER >DESA_SSHM</USER>
<LASTEXEC >41584.9568854167</LASTEXEC>
<TYPE >0</TYPE>
</ENTRY>
<ENTRY  name="">
<SQL ><![CDATA[SELECT siov.ALTITUD, siov.COD_INTERNO_ES, rank() OVER (ORDER BY COD_INTERNO_ES) as seq_num, trunc((siov.GRADOS_LATITUD+(siov.MINUTOS_LATITUD/60)+(siov.SEGUNDOS_LATITUD/3600) )*decode(siov.DIRECCION_LATITUD,'N',1,'S',-1),5), trunc((siov.GRADOS_LONGITUD+(siov.MINUTOS_LONGITUD/60)+(siov.SEGUNDOS_LONGITUD/3600) )*decode(siov.DIRECCION_LONGITUD,'E',1,'W',-1),5), siov.NOMBRE_ES, siov.NOMBRE_PMA, trunc(STATS_MODE(CASE WHEN SENSOR = 104 THEN TO_NUMBER(replace(dato,'.',',')) ELSE 0 END),5), trunc(AVG(CASE WHEN SENSOR = 27 THEN TO_NUMBER(replace(dato,'.',',')) ELSE 0 END),5), trunc(SUM(CASE WHEN SENSOR = 240 THEN TO_NUMBER(replace(dato,'.',',')) ELSE 0 END),5), trunc(MAX(CASE WHEN SENSOR = 255 THEN TO_NUMBER(replace(dato,'.',',')) ELSE 0 END) ,5), trunc((MAX(CASE WHEN SENSOR = 255 THEN TO_NUMBER(replace(dato,'.',',')) ELSE 0 END))*(exp((siov.altitud*9.8)/(286.8*292.4))),5), trunc(MAX(CASE WHEN SENSOR = 68 THEN (TO_NUMBER(replace(dato,'.',','))+273) ELSE 0 END),5), trunc(MAX(CASE WHEN SENSOR = 69 THEN (TO_NUMBER(replace(dato,'.',','))+273) ELSE 0 END),5), trunc(MIN(CASE WHEN SENSOR = 70 THEN (TO_NUMBER(replace(dato,'.',','))+273) ELSE 0 END),5), trunc(AVG(CASE WHEN SENSOR = 103 THEN TO_NUMBER(replace(dato,'.',',')) ELSE 0 END),5) FROM siov_estaciones siov, hidromet.saai_temporal saai WHERE saai.estacion = siov.cod_interno_es
AND saai.fecha   >= to_date('1-01-1990 00:00:00','dd-mm-yyyy hh24:mi:ss') and fecha <= to_date('1-11-2011 23:59:59','dd-mm-yyyy hh24:mi:ss')
GROUP BY cod_interno_es,nombre_pma,nombre_es,grados_latitud,minutos_latitud,
segundos_latitud,direccion_latitud,GRADOS_LONGITUD,MINUTOS_LONGITUD,SEGUNDOS_LONGITUD,DIRECCION_LONGITUD,ALTITUD  ORDER BY seq_num;]]></SQL>
<DATABASE >172.16.1.21:1521/DBPRUEBA</DATABASE>
<USER >DESA_SSHM</USER>
<LASTEXEC >41584.9582391667</LASTEXEC>
<TYPE >0</TYPE>
</ENTRY>
<ENTRY  name="">
<SQL ><![CDATA[SELECT siov.ALTITUD, siov.COD_INTERNO_ES, rank() OVER (ORDER BY COD_INTERNO_ES) as seq_num, trunc((siov.GRADOS_LATITUD+(siov.MINUTOS_LATITUD/60)+(siov.SEGUNDOS_LATITUD/3600) )*decode(siov.DIRECCION_LATITUD,'N',1,'S',-1),5), trunc((siov.GRADOS_LONGITUD+(siov.MINUTOS_LONGITUD/60)+(siov.SEGUNDOS_LONGITUD/3600) )*decode(siov.DIRECCION_LONGITUD,'E',1,'W',-1),5), siov.NOMBRE_ES, siov.NOMBRE_PMA, trunc(STATS_MODE(CASE WHEN SENSOR = 104 THEN TO_NUMBER(replace(dato,'.',',')) ELSE 0 END),5), trunc(AVG(CASE WHEN SENSOR = 27 THEN TO_NUMBER(replace(dato,'.',',')) ELSE 0 END),5), trunc(SUM(CASE WHEN SENSOR = 240 THEN TO_NUMBER(replace(dato,'.',',')) ELSE 0 END),5), trunc(MAX(CASE WHEN SENSOR = 255 THEN TO_NUMBER(replace(dato,'.',',')) ELSE 0 END) ,5), trunc((MAX(CASE WHEN SENSOR = 255 THEN TO_NUMBER(replace(dato,'.',',')) ELSE 0 END))*(exp((siov.altitud*9.8)/(286.8*292.4))),5), trunc(MAX(CASE WHEN SENSOR = 68 THEN (TO_NUMBER(replace(dato,'.',','))+273) ELSE 0 END),5), trunc(MAX(CASE WHEN SENSOR = 69 THEN (TO_NUMBER(replace(dato,'.',','))+273) ELSE 0 END),5), trunc(MIN(CASE WHEN SENSOR = 70 THEN (TO_NUMBER(replace(dato,'.',','))+273) ELSE 0 END),5), trunc(AVG(CASE WHEN SENSOR = 103 THEN TO_NUMBER(replace(dato,'.',',')) ELSE 0 END),5) FROM siov_estaciones siov, hidromet.saai_temporal saai WHERE saai.estacion = siov.cod_interno_es AND saai.fecha   >= to_date('6-11-2013 21:00:00','dd-mm-yyyy hh24:mi:ss') and fecha <= to_date('6-11-2013 21:59:59','dd-mm-yyyy hh24:mi:ss')
GROUP BY cod_interno_es,nombre_pma,nombre_es,grados_latitud,minutos_latitud,segundos_latitud,direccion_latitud,GRADOS_LONGITUD,MINUTOS_LONGITUD,SEGUNDOS_LONGITUD,DIRECCION_LONGITUD,ALTITUD  ORDER BY seq_num;]]></SQL>
<DATABASE >172.16.1.21:1521/DBPRUEBA</DATABASE>
<USER >DESA_SSHM</USER>
<LASTEXEC >41584.9598559606</LASTEXEC>
<TYPE >0</TYPE>
</ENTRY>
<ENTRY  name="">
<SQL ><![CDATA[SELECT siov.ALTITUD, siov.COD_INTERNO_ES, rank() OVER (ORDER BY COD_INTERNO_ES) as seq_num, trunc((siov.GRADOS_LATITUD+(siov.MINUTOS_LATITUD/60)+(siov.SEGUNDOS_LATITUD/3600) )*decode(siov.DIRECCION_LATITUD,'N',1,'S',-1),5), trunc((siov.GRADOS_LONGITUD+(siov.MINUTOS_LONGITUD/60)+(siov.SEGUNDOS_LONGITUD/3600) )*decode(siov.DIRECCION_LONGITUD,'E',1,'W',-1),5), siov.NOMBRE_ES, siov.NOMBRE_PMA, trunc(STATS_MODE(CASE WHEN SENSOR = 104 THEN TO_NUMBER(replace(dato,'.',',')) ELSE 0 END),5), trunc(AVG(CASE WHEN SENSOR = 27 THEN TO_NUMBER(replace(dato,'.',',')) ELSE 0 END),5), trunc(SUM(CASE WHEN SENSOR = 240 THEN TO_NUMBER(replace(dato,'.',',')) ELSE 0 END),5), trunc(MAX(CASE WHEN SENSOR = 255 THEN TO_NUMBER(replace(dato,'.',',')) ELSE 0 END) ,5), trunc((MAX(CASE WHEN SENSOR = 255 THEN TO_NUMBER(replace(dato,'.',',')) ELSE 0 END))*(exp((siov.altitud*9.8)/(286.8*292.4))),5), trunc(MAX(CASE WHEN SENSOR = 68 THEN (TO_NUMBER(replace(dato,'.',','))+273) ELSE 0 END),5), trunc(MAX(CASE WHEN SENSOR = 69 THEN (TO_NUMBER(replace(dato,'.',','))+273) ELSE 0 END),5), trunc(MIN(CASE WHEN SENSOR = 70 THEN (TO_NUMBER(replace(dato,'.',','))+273) ELSE 0 END),5), trunc(AVG(CASE WHEN SENSOR = 103 THEN TO_NUMBER(replace(dato,'.',',')) ELSE 0 END),5) FROM siov_estaciones siov, hidromet.saai_temporal saai WHERE saai.estacion = siov.cod_interno_es
AND saai.fecha   >= to_date('6-11-2013 21:00:00','dd-mm-yyyy hh24:mi:ss') and fecha <= to_date('6-11-2013 21:59:59','dd-mm-yyyy hh24:mi:ss')
GROUP BY cod_interno_es,nombre_pma,nombre_es,grados_latitud,minutos_latitud,segundos_latitud,direccion_latitud,GRADOS_LONGITUD,MINUTOS_LONGITUD,SEGUNDOS_LONGITUD,DIRECCION_LONGITUD,ALTITUD  ORDER BY seq_num;]]></SQL>
<DATABASE >172.16.1.21:1521/DBPRUEBA</DATABASE>
<USER >DESA_SSHM</USER>
<LASTEXEC >41584.9600016204</LASTEXEC>
<TYPE >0</TYPE>
</ENTRY>
<ENTRY  name="">
<SQL ><![CDATA[select * from shmt_sinopticas_obs --order by snp_fecha desc;]]></SQL>
<DATABASE >172.16.1.21:1521/DBPRUEBA</DATABASE>
<USER >DESA_SSHM</USER>
<LASTEXEC >41585.5761443171</LASTEXEC>
<TYPE >0</TYPE>
</ENTRY>
<ENTRY  name="">
<SQL ><![CDATA[select * from shmt_sinopticas_obs order by snob_fecha desc;]]></SQL>
<DATABASE >172.16.1.21:1521/DBPRUEBA</DATABASE>
<USER >DESA_SSHM</USER>
<LASTEXEC >41585.5820337616</LASTEXEC>
<TYPE >0</TYPE>
</ENTRY>
<ENTRY  name="">
<SQL ><![CDATA[select * from shmt_sinopticas;]]></SQL>
<DATABASE >172.16.1.21:1521/DBPRUEBA</DATABASE>
<USER >DESA_SSHM</USER>
<LASTEXEC >41585.5775346412</LASTEXEC>
<TYPE >0</TYPE>
</ENTRY>
<ENTRY  name="">
<SQL ><![CDATA[select * from shmt_sinopticas order by snp_fecha desc;]]></SQL>
<DATABASE >172.16.1.21:1521/DBPRUEBA</DATABASE>
<USER >DESA_SSHM</USER>
<LASTEXEC >41585.5780658796</LASTEXEC>
<TYPE >0</TYPE>
</ENTRY>
<ENTRY  name="">
<SQL ><![CDATA[select * from siga_sid_usr;]]></SQL>
<DATABASE >XE</DATABASE>
<USER >SYSTEM</USER>
<LASTEXEC >41588.0101309259</LASTEXEC>
<TYPE >0</TYPE>
</ENTRY>
<ENTRY  name="">
<SQL ><![CDATA[insert into siga_sid_usr values ('1','1',0.0);]]></SQL>
<DATABASE >XE</DATABASE>
<USER >SYSTEM</USER>
<LASTEXEC >41588.0028085301</LASTEXEC>
<TYPE >0</TYPE>
</ENTRY>
<ENTRY  name="">
<SQL ><![CDATA[insert into siga_sid_usr values ('2','2',0.0000000001);]]></SQL>
<DATABASE >XE</DATABASE>
<USER >SYSTEM</USER>
<LASTEXEC >41588.0099839352</LASTEXEC>
<TYPE >0</TYPE>
</ENTRY>
<ENTRY  name="">
<SQL ><![CDATA[insert into siga_sid_usr values ('2','2',0.000000001);]]></SQL>
<DATABASE >XE</DATABASE>
<USER >SYSTEM</USER>
<LASTEXEC >41588.0101006481</LASTEXEC>
<TYPE >0</TYPE>
</ENTRY>
<ENTRY  name="">
<SQL ><![CDATA[select * from siga_sid_dcm;]]></SQL>
<DATABASE >XE</DATABASE>
<USER >SYSTEM</USER>
<LASTEXEC >41592.8477160417</LASTEXEC>
<TYPE >0</TYPE>
</ENTRY>
<ENTRY  name="">
<SQL ><![CDATA[SELECT * FROM pygnthis.history_sms_20150402;]]></SQL>
<DATABASE >132.147.170.95:1725/SMOQA</DATABASE>
<USER >PYGNTHIS</USER>
<LASTEXEC >42110.4356264236</LASTEXEC>
<TYPE >0</TYPE>
</ENTRY>
<ENTRY  name="">
<SQL ><![CDATA[SELECT * FROM pygnthis.history_sms_20150401;]]></SQL>
<DATABASE >132.147.170.95:1725/SMOQA</DATABASE>
<USER >PYGNTHIS</USER>
<LASTEXEC >42110.4356751157</LASTEXEC>
<TYPE >0</TYPE>
</ENTRY>
<ENTRY  name="">
<SQL ><![CDATA[SELECT * FROM pygnthis.wap_mdrs_20121201;]]></SQL>
<DATABASE >132.147.170.95:1725/SMOQA</DATABASE>
<USER >PYGNTHIS</USER>
<LASTEXEC >42110.4356928241</LASTEXEC>
<TYPE >0</TYPE>
</ENTRY>
<ENTRY  name="">
<SQL ><![CDATA[SELECT * FROM pygnthis.wap_mdrs_20121202;]]></SQL>
<DATABASE >132.147.170.95:1725/SMOQA</DATABASE>
<USER >PYGNTHIS</USER>
<LASTEXEC >42110.4357118866</LASTEXEC>
<TYPE >0</TYPE>
</ENTRY>
<ENTRY  name="">
<SQL ><![CDATA[select * from inh_smo.WAP_MDRS;]]></SQL>
<DATABASE >132.147.170.95:1725/SMOQA</DATABASE>
<USER >PYGNTHIS</USER>
<LASTEXEC >42110.4360332407</LASTEXEC>
<TYPE >0</TYPE>
</ENTRY>
<ENTRY  name="">
<SQL ><![CDATA[SELECT trunc(t.last_update_time), count(1)
  FROM pygnthis.history_sms_20150401 t -- cambiar segun el dia que necesite
WHERE t.source_table_name in ('XHIST_MESS_NETW', 'XHIST_MESS_APPSRV')
group by trunc(t.last_update_time)
union all
SELECT trunc(t.last_update_time), count(1)
  FROM pygnthis.history_sms_20150402 t -- cambiar segun el dia que necesite
WHERE t.source_table_name in ('XHIST_MESS_NETW', 'XHIST_MESS_APPSRV')
group by trunc(t.last_update_time);]]></SQL>
<DATABASE >132.147.170.95:1725/SMOQA</DATABASE>
<USER >PYGNTHIS</USER>
<LASTEXEC >42114.5348410301</LASTEXEC>
<TYPE >0</TYPE>
</ENTRY>
<ENTRY  name="">
<SQL ><![CDATA[SELECT trunc(t.last_update_time), count(1)
  FROM pygnthis.history_sms_20150401 t -- cambiar segun el dia que necesite
WHERE t.source_table_name in ('TRANSACTIONS')
group by trunc(t.last_update_time )
union all
--ESTADISTICAS DIARIA SRS INTEC:
SELECT trunc(t.last_update_time), count(1)
  FROM pygnthis.history_sms_20150402 t -- cambiar segun el dia que necesite
WHERE t.source_table_name in ('TRANSACTIONS')
group by trunc(t.last_update_time );]]></SQL>
<DATABASE >132.147.170.95:1725/SMOQA</DATABASE>
<USER >PYGNTHIS</USER>
<LASTEXEC >42110.4365102199</LASTEXEC>
<TYPE >0</TYPE>
</ENTRY>
<ENTRY  name="">
<SQL ><![CDATA[SELECT trunc(  w.message_submition_time ), count(1)
  FROM inh_smo.wap_mdrs w -- cambiar segun el dia que necesite
WHERE w.creation_date >= to_date('20150401 000000','yyyymmdd hh24miss')
and w.creation_date <= to_date('20150406 235959','yyyymmdd hh24miss')
group by trunc(w.message_submition_time);]]></SQL>
<DATABASE >132.147.170.95:1725/SMOQA</DATABASE>
<USER >PYGNTHIS</USER>
<LASTEXEC >42110.4366885648</LASTEXEC>
<TYPE >0</TYPE>
</ENTRY>
<ENTRY  name="">
<SQL ><![CDATA[SELECT ES.*
  FROM INH_SMO.AMX_AREA AR, 
       INH_SMO.AMX_PAIS PA,
       INH_SMO.AMX_ARCHIVO ARC,
       INH_SMO.AMX_ESTADISTICA ES
 WHERE UPPER(AR.NOMBRE) = UPPER('GNT') 
   AND UPPER(PA.NOMBRE) = UPPER('Colombia')
   AND AR.IDAREA = ARC.IDAREA
   AND PA.IDPAIS = ARC.IDPAIS
   AND ARC.IDARCHIVO = ES.IDARCHIVO;]]></SQL>
<DATABASE >132.147.170.87:1727/SMODEV</DATABASE>
<USER >INH_SMO</USER>
<LASTEXEC >42110.5189126736</LASTEXEC>
<TYPE >0</TYPE>
</ENTRY>
<ENTRY  name="">
<SQL ><![CDATA[SELECT ES.*
  FROM INH_SMO.AMX_AREA AR, 
       INH_SMO.AMX_PAIS PA,
       INH_SMO.AMX_ARCHIVO ARC,
       INH_SMO.AMX_ESTADISTICA ES
 WHERE UPPER(AR.CODARCHIVO) = UPPER('GNT') 
   AND UPPER(PA.NOMBRE) = UPPER('Colombia')
   AND AR.IDAREA = ARC.IDAREA
   AND PA.IDPAIS = ARC.IDPAIS
   AND ARC.IDARCHIVO = ES.IDARCHIVO;]]></SQL>
<DATABASE >132.147.170.87:1727/SMODEV</DATABASE>
<USER >INH_SMO</USER>
<LASTEXEC >42110.5194795023</LASTEXEC>
<TYPE >0</TYPE>
</ENTRY>
<ENTRY  name="">
<SQL ><![CDATA[SELECT PA.CODARCHIVO||'Metric_'||AR.CODARCHIVO||'_'||ARC.CONSECUTIVO,  ES.*
  FROM INH_SMO.AMX_AREA AR, 
       INH_SMO.AMX_PAIS PA,
       INH_SMO.AMX_ARCHIVO ARC,
       INH_SMO.AMX_ESTADISTICA ES
 WHERE UPPER(AR.CODARCHIVO) = UPPER('GNT') 
   AND UPPER(PA.NOMBRE) = UPPER('Colombia')
   AND AR.IDAREA = ARC.IDAREA
   AND PA.IDPAIS = ARC.IDPAIS
   AND ARC.IDARCHIVO = ES.IDARCHIVO;]]></SQL>
<DATABASE >132.147.170.87:1727/SMODEV</DATABASE>
<USER >INH_SMO</USER>
<LASTEXEC >42110.582746713</LASTEXEC>
<TYPE >0</TYPE>
</ENTRY>
<ENTRY  name="">
<SQL ><![CDATA[SELECT * FROM INH_SMO.AMX_CONEXION WHERE IDCONEXION = 1;]]></SQL>
<DATABASE >132.147.170.87:1727/SMODEV</DATABASE>
<USER >INH_SMO</USER>
<LASTEXEC >42110.5729267824</LASTEXEC>
<TYPE >0</TYPE>
</ENTRY>
<ENTRY  name="">
<SQL ><![CDATA[SELECT AC.STRINGCONEXION FROM INH_SMO.AMX_CONEXION AC WHERE IDCONEXION = 1;]]></SQL>
<DATABASE >132.147.170.87:1727/SMODEV</DATABASE>
<USER >INH_SMO</USER>
<LASTEXEC >42110.5731198843</LASTEXEC>
<TYPE >0</TYPE>
</ENTRY>
<ENTRY  name="">
<SQL ><![CDATA[SELECT '46|100|0|0|1|8|1|20130118|WAP' FROM DUAL;]]></SQL>
<DATABASE >132.147.170.87:1727/SMODEV</DATABASE>
<USER >INH_SMO</USER>
<LASTEXEC >42110.5760771528</LASTEXEC>
<TYPE >0</TYPE>
</ENTRY>
<ENTRY  name="">
<SQL ><![CDATA[SELECT '46|100|0|0|1|8|1|20130118|WAP' FROM DUAL WHERE SYSDATE = to_date('2007/05/31','YYYY/MM/DD');]]></SQL>
<DATABASE >132.147.170.87:1727/SMODEV</DATABASE>
<USER >INH_SMO</USER>
<LASTEXEC >42110.5759834722</LASTEXEC>
<TYPE >0</TYPE>
</ENTRY>
<ENTRY  name="">
<SQL ><![CDATA[SELECT PA.CODARCHIVO||'Metric_'||AR.CODARCHIVO||'_'||ARC.CONSECUTIVO,  ES.*,AC.STRINGCONEXION
  FROM INH_SMO.AMX_AREA AR, 
       INH_SMO.AMX_PAIS PA,
       INH_SMO.AMX_ARCHIVO ARC,
       INH_SMO.AMX_ESTADISTICA ES,
       INH_SMO.AMX_CONEXION AC
 WHERE UPPER(AR.CODARCHIVO) = UPPER('GNT') 
   AND UPPER(PA.NOMBRE) = UPPER('Colombia')
   AND AR.IDAREA = ARC.IDAREA
   AND PA.IDPAIS = ARC.IDPAIS
   AND ARC.IDARCHIVO = ES.IDARCHIVO
   AND ES.IDCONEXION = AC.IDCONEXION;]]></SQL>
<DATABASE >132.147.170.87:1727/SMODEV</DATABASE>
<USER >INH_SMO</USER>
<LASTEXEC >42110.5838518634</LASTEXEC>
<TYPE >0</TYPE>
</ENTRY>
<ENTRY  name="">
<SQL ><![CDATA[SELECT PA.CODARCHIVO||'Metric_'||AR.CODARCHIVO||'_'||ARC.CONSECUTIVO,AC.STRINGCONEXION,  ES.*
  FROM INH_SMO.AMX_AREA AR, 
       INH_SMO.AMX_PAIS PA,
       INH_SMO.AMX_ARCHIVO ARC,
       INH_SMO.AMX_ESTADISTICA ES,
       INH_SMO.AMX_CONEXION AC
 WHERE UPPER(AR.CODARCHIVO) = UPPER('GNT') 
   AND UPPER(PA.NOMBRE) = UPPER('Colombia')
   AND AR.IDAREA = ARC.IDAREA
   AND PA.IDPAIS = ARC.IDPAIS
   AND ARC.IDARCHIVO = ES.IDARCHIVO
   AND ES.IDCONEXION = AC.IDCONEXION;]]></SQL>
<DATABASE >132.147.170.87:1727/SMODEV</DATABASE>
<USER >INH_SMO</USER>
<LASTEXEC >42110.6020893519</LASTEXEC>
<TYPE >0</TYPE>
</ENTRY>
<ENTRY  name="">
<SQL ><![CDATA[SELECT PA.CODARCHIVO||'Metric_'||AR.CODARCHIVO||'_'||ARC.CONSECUTIVO,AC.STRINGCONEXION,  ES.*
  FROM INH_SMO.AMX_AREA AR, 
       INH_SMO.AMX_PAIS PA,
       INH_SMO.AMX_ARCHIVO ARC,
       INH_SMO.AMX_ESTADISTICA ES,
       INH_SMO.AMX_CONEXION AC
 WHERE UPPER(AR.CODARCHIVO) = UPPER('GNT') 
   AND UPPER(PA.NOMBRE) = UPPER('Colombia')
   AND AR.IDAREA = ARC.IDAREA
   AND PA.IDPAIS = ARC.IDPAIS
   AND ARC.IDARCHIVO = ES.IDARCHIVO
   AND ES.IDCONEXION = AC.IDCONEXION
   AND ES.ESTADO = 1;]]></SQL>
<DATABASE >132.147.170.87:1727/SMODEV</DATABASE>
<USER >INH_SMO</USER>
<LASTEXEC >42110.6024523264</LASTEXEC>
<TYPE >0</TYPE>
</ENTRY>
<ENTRY  name="">
<SQL ><![CDATA[SELECT PA.CODARCHIVO||'Metric_'||AR.CODARCHIVO||'_'||ARC.CONSECUTIVO,AC.STRINGCONEXION,  ES.CONSULTA,ES.DIASATRAS
  FROM INH_SMO.AMX_AREA AR, 
       INH_SMO.AMX_PAIS PA,
       INH_SMO.AMX_ARCHIVO ARC,
       INH_SMO.AMX_ESTADISTICA ES,
       INH_SMO.AMX_CONEXION AC
 WHERE UPPER(AR.CODARCHIVO) = UPPER('GNT') 
   AND UPPER(PA.NOMBRE) = UPPER('Colombia')
   AND AR.IDAREA = ARC.IDAREA
   AND PA.IDPAIS = ARC.IDPAIS
   AND ARC.IDARCHIVO = ES.IDARCHIVO
   AND ES.IDCONEXION = AC.IDCONEXION
   AND ES.ESTADO = 1;]]></SQL>
<DATABASE >132.147.170.87:1727/SMODEV</DATABASE>
<USER >INH_SMO</USER>
<LASTEXEC >42110.6040566667</LASTEXEC>
<TYPE >0</TYPE>
</ENTRY>
<ENTRY  name="">
<SQL ><![CDATA[SELECT PA.CODARCHIVO||'Metric_'||AR.CODARCHIVO||'_'||ARC.CONSECUTIVO||'_',AC.STRINGCONEXION,ES.CONSULTA,ES.DIASATRAS  FROM INH_SMO.AMX_AREA AR,       INH_SMO.AMX_PAIS PA,       INH_SMO.AMX_ARCHIVO ARC,       INH_SMO.AMX_ESTADISTICA ES,       INH_SMO.AMX_CONEXION AC WHERE UPPER(AR.CODARCHIVO) = UPPER('GNT')    AND UPPER(PA.NOMBRE) = UPPER('COLOMBIA')   AND AR.IDAREA = ARC.IDAREA AND PA.IDPAIS = ARC.IDPAIS AND ARC.IDARCHIVO = ES.IDARCHIVO AND ES.IDCONEXION = AC.IDCONEXION AND ES.ESTADO = 1;]]></SQL>
<DATABASE >132.147.170.87:1727/SMODEV</DATABASE>
<USER >INH_SMO</USER>
<LASTEXEC >42110.7174965393</LASTEXEC>
<TYPE >0</TYPE>
</ENTRY>
<ENTRY  name="">
<SQL ><![CDATA[SELECT PA.CODARCHIVO||'Metric_'||AR.CODARCHIVO||'_'||ARC.CONSECUTIVO||'_',AC.STRINGCONEXION,ES.CONSULTA,ES.DIASATRAS  FROM INH_SMO.AMX_AREA AR,       INH_SMO.AMX_PAIS PA,       INH_SMO.AMX_ARCHIVO ARC,       INH_SMO.AMX_ESTADISTICA ES,       INH_SMO.AMX_CONEXION AC WHERE UPPER(AR.CODARCHIVO) = UPPER('1')    AND UPPER(PA.NOMBRE) = UPPER('1')   AND AR.IDAREA = ARC.IDAREA AND PA.IDPAIS = ARC.IDPAIS AND ARC.IDARCHIVO = ES.IDARCHIVO AND ES.IDCONEXION = AC.IDCONEXION AND ES.ESTADO = 1;]]></SQL>
<DATABASE >132.147.170.87:1727/SMODEV</DATABASE>
<USER >INH_SMO</USER>
<LASTEXEC >42110.7163296528</LASTEXEC>
<TYPE >0</TYPE>
</ENTRY>
<ENTRY  name="">
<SQL ><![CDATA[SELECT pa.codarchivo || 'Metric_' || ar.codarchivo || '_' || arc.consecutivo
       || '_',
       ac.stringconexion, es.consulta, es.diasatras
  FROM inh_smo.amx_area ar,
       inh_smo.amx_pais pa,
       inh_smo.amx_archivo arc,
       inh_smo.amx_estadistica es,
       inh_smo.amx_conexion ac
 WHERE UPPER (ar.codarchivo) = UPPER ('GNT')
   AND UPPER (pa.nombre) = UPPER ('COLOMBIA')
   AND ar.idarea = arc.idarea
   AND pa.idpais = arc.idpais
   AND arc.idarchivo = es.idarchivo
   AND es.idconexion = ac.idconexion
   AND es.estado = 1;]]></SQL>
<DATABASE >132.147.170.87:1727/SMODEV</DATABASE>
<USER >INH_SMO</USER>
<LASTEXEC >42110.7181448032</LASTEXEC>
<TYPE >0</TYPE>
</ENTRY>
<ENTRY  name="">
<SQL ><![CDATA[SELECT pa.codarchivo || 'Metric_' || ar.codarchivo || '_' || arc.consecutivo
       || '_',
       ac.stringconexion, es.*
  FROM inh_smo.amx_area ar,
       inh_smo.amx_pais pa,
       inh_smo.amx_archivo arc,
       inh_smo.amx_estadistica es,
       inh_smo.amx_conexion ac
 WHERE UPPER (ar.codarchivo) = UPPER ('gnt')
   AND UPPER (pa.nombre) = UPPER ('colombia')
   AND ar.idarea = arc.idarea
   AND pa.idpais = arc.idpais
   AND arc.idarchivo = es.idarchivo
   AND es.idconexion = ac.idconexion
   AND es.estado = 1;]]></SQL>
<DATABASE >132.147.170.87:1727/SMODEV</DATABASE>
<USER >INH_SMO</USER>
<LASTEXEC >42110.8737318403</LASTEXEC>
<TYPE >0</TYPE>
</ENTRY>
<ENTRY  name="">
<SQL ><![CDATA[SELECT pa.codarchivo || 'Metric_' || ar.codarchivo || '_' || arc.consecutivo
       || '_',
       ac.stringconexion, es.*
  FROM inh_smo.amx_area ar,
       inh_smo.amx_pais pa,
       inh_smo.amx_archivo arc,
       inh_smo.amx_estadistica es,
       inh_smo.amx_conexion ac
 WHERE UPPER (ar.codarchivo) = UPPER ('GNT')
   AND UPPER (pa.nombre) = UPPER ('GNT')
   AND ar.idarea = arc.idarea
   AND pa.idpais = arc.idpais
   AND arc.idarchivo = es.idarchivo
   AND es.idconexion = ac.idconexion
   AND es.estado = 1;]]></SQL>
<DATABASE >132.147.170.87:1727/SMODEV</DATABASE>
<USER >INH_SMO</USER>
<LASTEXEC >42110.7376313773</LASTEXEC>
<TYPE >0</TYPE>
</ENTRY>
<ENTRY  name="">
<SQL ><![CDATA[SELECT '416|100|0|0|1|8|1|20130118|WAP' FROM DUAL;]]></SQL>
<DATABASE >132.147.170.87:1727/SMODEV</DATABASE>
<USER >INH_SMO</USER>
<LASTEXEC >42110.8248659259</LASTEXEC>
<TYPE >0</TYPE>
</ENTRY>
<ENTRY  name="">
<SQL ><![CDATA[SELECT pa.codarchivo || 'Metric_' || ar.codarchivo || '_' || arc.consecutivo
       || '_'
  FROM inh_smo.amx_area ar,
       inh_smo.amx_pais pa,
       inh_smo.amx_archivo arc,
       inh_smo.amx_estadistica es,
       inh_smo.amx_conexion ac
 WHERE UPPER (ar.codarchivo) = UPPER ('gnt')
   AND UPPER (pa.nombre) = UPPER ('colombia')
   AND ar.idarea = arc.idarea
   AND pa.idpais = arc.idpais
   AND arc.idarchivo = es.idarchivo
   AND es.idconexion = ac.idconexion
   AND es.estado = 1;]]></SQL>
<DATABASE >132.147.170.87:1727/SMODEV</DATABASE>
<USER >INH_SMO</USER>
<LASTEXEC >42110.8440651968</LASTEXEC>
<TYPE >0</TYPE>
</ENTRY>
<ENTRY  name="">
<SQL ><![CDATA[SELECT pa.codarchivo || 'Metric_' || ar.codarchivo || '_' || arc.consecutivo
       || '_'
  FROM inh_smo.amx_area ar,
       inh_smo.amx_pais pa,
       inh_smo.amx_archivo arc,
       inh_smo.amx_conexion ac
 WHERE UPPER (ar.codarchivo) = UPPER ('gnt')
   AND UPPER (pa.nombre) = UPPER ('colombia')
   AND ar.idarea = arc.idarea
   AND pa.idpais = arc.idpais;]]></SQL>
<DATABASE >132.147.170.87:1727/SMODEV</DATABASE>
<USER >INH_SMO</USER>
<LASTEXEC >42110.8444919213</LASTEXEC>
<TYPE >0</TYPE>
</ENTRY>
<ENTRY  name="">
<SQL ><![CDATA[SELECT pa.codarchivo || 'Metric_' || ar.codarchivo || '_' || arc.consecutivo
       || '_'
  FROM inh_smo.amx_area ar,
       inh_smo.amx_pais pa,
       inh_smo.amx_archivo arc
 WHERE UPPER (ar.codarchivo) = UPPER ('gnt')
   AND UPPER (pa.nombre) = UPPER ('colombia')
   AND ar.idarea = arc.idarea
   AND pa.idpais = arc.idpais;]]></SQL>
<DATABASE >132.147.170.87:1727/SMODEV</DATABASE>
<USER >INH_SMO</USER>
<LASTEXEC >42110.8494215046</LASTEXEC>
<TYPE >0</TYPE>
</ENTRY>
<ENTRY  name="">
<SQL ><![CDATA[SELECT pa.codarchivo || 'Metric_' || ar.codarchivo || '_' || arc.consecutivo
       || '_'
  FROM inh_smo.amx_area ar,
       inh_smo.amx_pais pa,
       inh_smo.amx_archivo arc
 WHERE UPPER (ar.codarchivo) = UPPER ('gnt')
   AND UPPER (pa.nombre) = UPPER ('colombia');]]></SQL>
<DATABASE >132.147.170.87:1727/SMODEV</DATABASE>
<USER >INH_SMO</USER>
<LASTEXEC >42110.8492968171</LASTEXEC>
<TYPE >0</TYPE>
</ENTRY>
<ENTRY  name="">
<SQL ><![CDATA[SELECT ac.stringconexion, es.*
  FROM inh_smo.amx_area ar,
       inh_smo.amx_pais pa,
       inh_smo.amx_archivo arc,
       inh_smo.amx_estadistica es,
       inh_smo.amx_conexion ac
 WHERE UPPER (ar.codarchivo) = UPPER ('GNT')
   AND UPPER (pa.nombre) = UPPER ('COLOMBIA')
   AND ar.idarea = arc.idarea
   AND pa.idpais = arc.idpais
   AND arc.idarchivo = es.idarchivo
   AND es.idconexion = ac.idconexion
   AND es.estado = 1;]]></SQL>
<DATABASE >132.147.170.87:1727/SMODEV</DATABASE>
<USER >INH_SMO</USER>
<LASTEXEC >42110.8649067824</LASTEXEC>
<TYPE >0</TYPE>
</ENTRY>
<ENTRY  name="">
<SQL ><![CDATA[SELECT AC.STRINGCONEXION,ES.*  FROM INH_SMO.AMX_AREA AR,       INH_SMO.AMX_PAIS PA,       INH_SMO.AMX_ARCHIVO ARC,       INH_SMO.AMX_ESTADISTICA ES,       INH_SMO.AMX_CONEXION AC WHERE UPPER(AR.CODARCHIVO) = UPPER('?')    AND UPPER(PA.NOMBRE) = UPPER('?')   AND AR.IDAREA = ARC.IDAREA AND PA.IDPAIS = ARC.IDPAIS AND ARC.IDARCHIVO = ES.IDARCHIVO AND ES.IDCONEXION = AC.IDCONEXION AND ES.ESTADO = 1;]]></SQL>
<DATABASE >132.147.170.87:1727/SMODEV</DATABASE>
<USER >INH_SMO</USER>
<LASTEXEC >42110.8643200579</LASTEXEC>
<TYPE >0</TYPE>
</ENTRY>
<ENTRY  name="">
<SQL ><![CDATA[SELECT AC.STRINGCONEXION,ES.*  FROM INH_SMO.AMX_AREA AR,       INH_SMO.AMX_PAIS PA,       INH_SMO.AMX_ARCHIVO ARC,       INH_SMO.AMX_ESTADISTICA ES,       INH_SMO.AMX_CONEXION AC WHERE UPPER(AR.CODARCHIVO) = UPPER('GNT')    AND UPPER(PA.NOMBRE) = UPPER('COLOMBIA')   AND AR.IDAREA = ARC.IDAREA AND PA.IDPAIS = ARC.IDPAIS AND ARC.IDARCHIVO = ES.IDARCHIVO AND ES.IDCONEXION = AC.IDCONEXION AND ES.ESTADO = 1;]]></SQL>
<DATABASE >132.147.170.87:1727/SMODEV</DATABASE>
<USER >INH_SMO</USER>
<LASTEXEC >42110.8648668171</LASTEXEC>
<TYPE >0</TYPE>
</ENTRY>
<ENTRY  name="">
<SQL ><![CDATA[SELECT trunc(t.last_update_time) , count(1)
  FROM pygnthis.history_sms_20150401 t -- cambiar segun el dia que necesite
WHERE t.source_table_name in ('XHIST_MESS_NETW', 'XHIST_MESS_APPSRV')
group by trunc(t.last_update_time)
union all
SELECT trunc(t.last_update_time), count(1)
  FROM pygnthis.history_sms_20150402 t -- cambiar segun el dia que necesite
WHERE t.source_table_name in ('XHIST_MESS_NETW', 'XHIST_MESS_APPSRV')
group by trunc(t.last_update_time);]]></SQL>
<DATABASE >132.147.170.95:1725/SMOQA</DATABASE>
<USER >PYGNTHIS</USER>
<LASTEXEC >42114.5409300116</LASTEXEC>
<TYPE >0</TYPE>
</ENTRY>
<ENTRY  name="">
<SQL ><![CDATA[SELECT      '46|'
         || COUNT (CONTENIDO.FECHA)
         || '|0|0|1|8|1|'
         || TO_CHAR (CONTENIDO.FECHA, 'yyyymmdd')
         || '|CONTENIDO' REGISTRO
    FROM (SELECT TRUNC (T.LAST_UPDATE_TIME) FECHA
            FROM PYGNTHIS.HISTORY_SMS_20150401 T
                                          -- cambiar segun el dia que necesite
           WHERE T.SOURCE_TABLE_NAME IN
                                     ('XHIST_MESS_NETW', 'XHIST_MESS_APPSRV')
          UNION ALL
          SELECT TRUNC (T.LAST_UPDATE_TIME) FECHA
            FROM PYGNTHIS.HISTORY_SMS_20150402 T
                                          -- cambiar segun el dia que necesite
           WHERE T.SOURCE_TABLE_NAME IN
                                     ('XHIST_MESS_NETW', 'XHIST_MESS_APPSRV')
          UNION ALL
          SELECT TRUNC (T.LAST_UPDATE_TIME) FECHA
            FROM PYGNTHIS.HISTORY_SMS_20150402 T
                                          -- cambiar segun el dia que necesite
           WHERE T.SOURCE_TABLE_NAME IN
                                     ('XHIST_MESS_NETW', 'XHIST_MESS_APPSRV')) CONTENIDO
   WHERE TRUNC (CONTENIDO.FECHA) = TRUNC (SYSDATE)
GROUP BY CONTENIDO.FECHA;]]></SQL>
<DATABASE >132.147.170.95:1725/SMOQA</DATABASE>
<USER >PYGNTHIS</USER>
<LASTEXEC >42114.6584478935</LASTEXEC>
<TYPE >0</TYPE>
</ENTRY>
<ENTRY  name="">
<SQL ><![CDATA[SELECT '46|'
         || SUM (B.CONTEO)
         || '|0|0|1|8|1|'
         || TO_CHAR (B.FECHA, 'yyyymmdd')
         || '|CONTENIDO' REGISTRO
FROM(
SELECT   COUNT (CONTENIDO.FECHA) CONTEO,
         CONTENIDO.FECHA
    FROM (SELECT TRUNC (T.LAST_UPDATE_TIME) FECHA
            FROM PYGNTHIS.HISTORY_SMS_20150401 T
                                          -- cambiar segun el dia que necesite
           WHERE T.SOURCE_TABLE_NAME IN
                                     ('XHIST_MESS_NETW', 'XHIST_MESS_APPSRV')
          UNION ALL
          SELECT TRUNC (T.LAST_UPDATE_TIME) FECHA
            FROM PYGNTHIS.HISTORY_SMS_20150402 T
                                          -- cambiar segun el dia que necesite
           WHERE T.SOURCE_TABLE_NAME IN
                                     ('XHIST_MESS_NETW', 'XHIST_MESS_APPSRV')
          UNION ALL
          SELECT TRUNC (T.LAST_UPDATE_TIME) FECHA
            FROM PYGNTHIS.HISTORY_SMS_20150402 T
                                          -- cambiar segun el dia que necesite
           WHERE T.SOURCE_TABLE_NAME IN
                                     ('XHIST_MESS_NETW', 'XHIST_MESS_APPSRV')) CONTENIDO
GROUP BY CONTENIDO.FECHA
) B
WHERE TRUNC (B.FECHA) = TRUNC (SYSDATE)
GROUP BY B.FECHA;]]></SQL>
<DATABASE >132.147.170.95:1725/SMOQA</DATABASE>
<USER >PYGNTHIS</USER>
<LASTEXEC >42114.6627717014</LASTEXEC>
<TYPE >0</TYPE>
</ENTRY>
<ENTRY  name="">
<SQL ><![CDATA[SELECT CASE WHEN SUM (B.CONTEO) IS NULL THEN
'46|0|0|0|1|8|1|'
         || TO_CHAR (B.FECHA, 'yyyymmdd')
         || '|CONTENIDO'

ELSE
'46|'
         || SUM (B.CONTEO)
         || '|0|0|1|8|1|'
         || TO_CHAR (B.FECHA, 'yyyymmdd')
         || '|CONTENIDO' END CASE
FROM(
SELECT   COUNT (CONTENIDO.FECHA) CONTEO,
         CONTENIDO.FECHA
    FROM (SELECT TRUNC (T.LAST_UPDATE_TIME) FECHA
            FROM PYGNTHIS.HISTORY_SMS_20150401 T
                                          -- cambiar segun el dia que necesite
           WHERE T.SOURCE_TABLE_NAME IN
                                     ('XHIST_MESS_NETW', 'XHIST_MESS_APPSRV')
          UNION ALL
          SELECT TRUNC (T.LAST_UPDATE_TIME) FECHA
            FROM PYGNTHIS.HISTORY_SMS_20150402 T
                                          -- cambiar segun el dia que necesite
           WHERE T.SOURCE_TABLE_NAME IN
                                     ('XHIST_MESS_NETW', 'XHIST_MESS_APPSRV')
          UNION ALL
          SELECT TRUNC (T.LAST_UPDATE_TIME) FECHA
            FROM PYGNTHIS.HISTORY_SMS_20150402 T
                                          -- cambiar segun el dia que necesite
           WHERE T.SOURCE_TABLE_NAME IN
                                     ('XHIST_MESS_NETW', 'XHIST_MESS_APPSRV')) CONTENIDO
GROUP BY CONTENIDO.FECHA
) B
WHERE TRUNC (B.FECHA) = TRUNC (SYSDATE)
GROUP BY B.FECHA;]]></SQL>
<DATABASE >132.147.170.95:1725/SMOQA</DATABASE>
<USER >PYGNTHIS</USER>
<LASTEXEC >42114.6655720949</LASTEXEC>
<TYPE >0</TYPE>
</ENTRY>
<ENTRY  name="">
<SQL ><![CDATA[SELECT CASE WHEN SUM (B.CONTEO) IS NULL THEN
'46|0|0|0|1|8|1|'
         || TO_CHAR (B.FECHA, 'yyyymmdd')
         || '|CONTENIDO'

ELSE
'46|'
         || SUM (B.CONTEO)
         || '|0|0|1|8|1|'
         || TO_CHAR (B.FECHA, 'yyyymmdd')
         || '|CONTENIDO' END CASE
FROM(
SELECT   COUNT (CONTENIDO.FECHA) CONTEO,
         CONTENIDO.FECHA
    FROM (SELECT TRUNC (T.LAST_UPDATE_TIME) FECHA
            FROM PYGNTHIS.HISTORY_SMS_20141206 T
                                          -- cambiar segun el dia que necesite
           WHERE T.SOURCE_TABLE_NAME IN
                                     ('XHIST_MESS_NETW', 'XHIST_MESS_APPSRV')
          UNION ALL
          SELECT TRUNC (T.LAST_UPDATE_TIME) FECHA
            FROM PYGNTHIS.HISTORY_SMS_20141207 T
                                          -- cambiar segun el dia que necesite
           WHERE T.SOURCE_TABLE_NAME IN
                                     ('XHIST_MESS_NETW', 'XHIST_MESS_APPSRV')
          UNION ALL
          SELECT TRUNC (T.LAST_UPDATE_TIME) FECHA
            FROM PYGNTHIS.HISTORY_SMS_20141208 T
                                          -- cambiar segun el dia que necesite
           WHERE T.SOURCE_TABLE_NAME IN
                                     ('XHIST_MESS_NETW', 'XHIST_MESS_APPSRV')) CONTENIDO
GROUP BY CONTENIDO.FECHA
) B
WHERE TRUNC (B.FECHA) = TRUNC (SYSDATE)
GROUP BY B.FECHA;]]></SQL>
<DATABASE >132.147.170.95:1725/SMOQA</DATABASE>
<USER >PYGNTHIS</USER>
<LASTEXEC >42114.666681794</LASTEXEC>
<TYPE >0</TYPE>
</ENTRY>
<ENTRY  name="">
<SQL ><![CDATA[SELECT   CASE
            WHEN SUM (B.CONTEO) IS NULL
               THEN    '46|0|0|0|1|8|1|'
                    || TO_CHAR (B.FECHA, 'yyyymmdd')
                    || '|CONTENIDO'
            ELSE    '46|'
                 || SUM (B.CONTEO)
                 || '|0|0|1|8|1|'
                 || TO_CHAR (B.FECHA, 'yyyymmdd')
                 || '|CONTENIDO'
         END CASE
    FROM (SELECT   COUNT (CONTENIDO.FECHA) CONTEO, CONTENIDO.FECHA
              FROM (SELECT TRUNC (T.LAST_UPDATE_TIME) FECHA
                      FROM PYGNTHIS.HISTORY_SMS_20141206 T
                     -- cambiar segun el dia que necesite
                    WHERE  T.SOURCE_TABLE_NAME IN
                                     ('XHIST_MESS_NETW', 'XHIST_MESS_APPSRV')
                    UNION ALL
                    SELECT TRUNC (T.LAST_UPDATE_TIME) FECHA
                      FROM PYGNTHIS.HISTORY_SMS_20141207 T
                     -- cambiar segun el dia que necesite
                    WHERE  T.SOURCE_TABLE_NAME IN
                                     ('XHIST_MESS_NETW', 'XHIST_MESS_APPSRV')
                    UNION ALL
                    SELECT TRUNC (T.LAST_UPDATE_TIME) FECHA
                      FROM PYGNTHIS.HISTORY_SMS_20141208 T
                     -- cambiar segun el dia que necesite
                    WHERE  T.SOURCE_TABLE_NAME IN
                                     ('XHIST_MESS_NETW', 'XHIST_MESS_APPSRV')) CONTENIDO
          GROUP BY CONTENIDO.FECHA) B
   WHERE TRUNC (B.FECHA) = trunc(TO_DATE('20141206','yyyymmdd'))
GROUP BY B.FECHA;]]></SQL>
<DATABASE >132.147.170.95:1725/SMOQA</DATABASE>
<USER >PYGNTHIS</USER>
<LASTEXEC >42114.6797506481</LASTEXEC>
<TYPE >0</TYPE>
</ENTRY>
<ENTRY  name="">
<SQL ><![CDATA[SELECT t.min_arecargar,t.no_aprobacion,to_number(t.estado) estado FROM inh_rlm.vw_solicitudes_all t  WHERE t.no_aprobacion = 2208484 AND t.min_arecargar = 3004902399 AND estado <> 63 AND trunc(t.fecha_reg) >= trunc(sysdate-150);]]></SQL>
<DATABASE >132.147.170.95:1725/SMOQA</DATABASE>
<USER >PYGNTHIS</USER>
<LASTEXEC >42115.8156187269</LASTEXEC>
<TYPE >0</TYPE>
</ENTRY>
<ENTRY  name="">
<SQL ><![CDATA[SELECT T.MIN_ARECARGAR, T.NO_APROBACION, TO_NUMBER (T.ESTADO) ESTADO
  FROM INH_RLM.VW_SOLICITUDES_ALL T
 WHERE T.NO_APROBACION = 2208484
   AND T.MIN_ARECARGAR = 3004902399
   AND ESTADO <> 63
   AND TRUNC (T.FECHA_REG) >= TRUNC (SYSDATE - 150);]]></SQL>
<DATABASE >132.147.170.95:1725/SMOQA</DATABASE>
<USER >INH_RLM</USER>
<LASTEXEC >42117.6606462847</LASTEXEC>
<TYPE >0</TYPE>
</ENTRY>
<ENTRY  name="">
<SQL ><![CDATA[INSERT INTO INH_RLM.HISTORICO_CONCILIACION_MENSUAL
     VALUES (INH_RLM.HISTORICO_CONCILIACION_MES.NEXTVAL, 'Colombia', 'Enero', '2015',
             'C:\ConciliacionMensual/COL-2015-4-1429826813606.xls',
             'C:\Users\lfurbinam\DesktopRES-COL-2015-4-1429827031079.xls',
             'lfurbinam', '127.0.0.1', SYSDATE, 'Procesado', 'Exitoso');]]></SQL>
<DATABASE >132.147.170.95:1725/SMOQA</DATABASE>
<USER >PYGNTHIS</USER>
<LASTEXEC >42117.7488382639</LASTEXEC>
<TYPE >0</TYPE>
</ENTRY>
</SAVEDSQL>
