<?xml version="1.0"?>
<Templates>
	<MakeCode>
		<LANGUAGE Name="Delphi" StringDelimiter="&apos;" EscapeCharacter="&apos;"><![CDATA[{ Delphi Language Template }

%SqlVar% := '%SqlText% ' + 
       '%SqlTextNext% ' +
;



             ]]></LANGUAGE>
		<LANGUAGE Name="Java" StringDelimiter="&quot;" EscapeCharacter="\"><![CDATA[{ Java Language Template }

"%SqlText% " +
"%SqlTextNext% " +
]]></LANGUAGE>
		<LANGUAGE Name="C++" StringDelimiter="&quot;" EscapeCharacter="\"><![CDATA[{ C++ Language Template}

char %SqlVar%[%SqlLength%];    
strcpy(%SqlVar%,"%SqlText%");
strcat(%SqlVar%,"%SqlTextNext%");
]]></LANGUAGE>
		<LANGUAGE Name="Perl" StringDelimiter="&quot;" EscapeCharacter="\"><![CDATA[{Perl Language Template}

"%SqlText% " +
"%SqlTextNext% " +
;
]]></LANGUAGE>
		<LANGUAGE Name="C#" StringDelimiter="&quot;" EscapeCharacter="\"><![CDATA[{ C# Language Template }

string %SqlVar%
	= "%SqlText% " + 
        "%SqlTextNext% " +
;

]]></LANGUAGE>
		<LANGUAGE Name="VB" StringDelimiter="&quot;" EscapeCharacter="&quot;"><![CDATA[{VB Language Template}

%SqlVar% = " %SqlText% "
%SqlVar% = %SqlVar% & "%SqlTextNext% "
]]></LANGUAGE>
	<LANGUAGE Name="VB.NET" StringDelimiter="&quot;" EscapeCharacter="&quot;"><![CDATA[{VB.NET Language Template} 

%SqlVar%.Append(" %SqlText% ") 
%SqlVar%.Append(" %SqlTextNext% ") 
]]></LANGUAGE>
</MakeCode>
	<CodeSnippets>
		<CATEGORY Name="Single Row Character Functions">
<SqlTemplate Description="Returns the character having the binary equivalent to N in the database character set."><![CDATA[CHR(n)]]></SqlTemplate>
<SqlTemplate Description="Returns Char1 concatenated with Char2."><![CDATA[CONCAT(char1, char2)]]></SqlTemplate>
<SqlTemplate Description="Returns Char, with the first letter of each word in uppercase, all other letters in lowercase. Words are delimited by white space or characters that are not alphanumeric."><![CDATA[INITCAP(char)]]></SqlTemplate>
<SqlTemplate Description="Returns Char, with all letters lowercase."><![CDATA[LOWER(char)]]></SqlTemplate>
<SqlTemplate Description="Returns Char1, left-padded to length N with the sequence of characters in Char2. Char2 defaults to a single blank."><![CDATA[LPAD(char1, n [,char2])]]></SqlTemplate>
<SqlTemplate Description="Removes characters from the left of Char, with all the leftmost characters that appear in Set removed. Set defaults to a single blank. Oracle begins scanning Char from its first character and removes all characters that appear in Set until reaching a character not in set and then returns the result."><![CDATA[LTRIM(char [,set])]]></SqlTemplate>
<SqlTemplate Description="Returns Char, with the first letter of each word in uppercase, and all other letters in lowercase. Words are delimited by white space or characters that are not alphanumeric. The value of NLSPARAMS can have this form: &apos;NLS_SORT = sort&apos; where sort is either a linguistic sort sequence or BINARY."><![CDATA[NLS_INITCAP(char [, 'nlsparams'])]]></SqlTemplate>
<SqlTemplate Description="Returns Char, with all letters lowercase. The &apos;nlsparams&apos; can have the same form and serve the same purpose as in the NLS_INITCAP function."><![CDATA[NLS_LOWER(char [, 'nlsparams'])]]></SqlTemplate>
<SqlTemplate Description="Returns the string of bytes used to sort Char."><![CDATA[NLSSORT(char [, 'nlsparams'])]]></SqlTemplate>
<SqlTemplate Description="Returns Char, with all letters uppercase. The &apos;nlsparams&apos; can have the same form and serve the same purpose as in the NLS_INITCAP function."><![CDATA[NLS_UPPER(char [, 'nlsparams'])]]></SqlTemplate>
<SqlTemplate Description="Returns Char with every occurrence of search_string replaced with replacement_string."><![CDATA[REPLACE(char, search_string [,replacement_string])]]></SqlTemplate>
<SqlTemplate Description="Returns Char1, right-padded to length N with Char2, replicated as many times as necessary.  Char2 defaults to a single blank."><![CDATA[RPAD(char1, n [,char2])]]></SqlTemplate>
<SqlTemplate Description="Returns char, with all the rightmost characters that appear in Set removed. Set defaults to a single blank."><![CDATA[RTRIM(char [,set])]]></SqlTemplate>
<SqlTemplate Description="Returns a character string containing the phonetic representation of Char. This function allows you to compare words that are spelled differently, but sound alike in English."><![CDATA[SOUNDEX(char)]]></SqlTemplate>
<SqlTemplate Description="Returns a portion of Char, beginning at character M, N characters long.
If M is positive, Oracle counts from the beginning of Char to find the first character.
if M is negative, Oracle counts backwards from the end of Char.
If N is omitted, Oracle returns all characters to the end of Char."><![CDATA[SUBSTR(char, m [, n])]]></SqlTemplate>
<SqlTemplate Description="The same as SUBSTR, except that the arguments M and N are expressed in bytes, rather than in characters."><![CDATA[SUBSTRB(char, m [, n])]]></SqlTemplate>
<SqlTemplate Description="Returns Char with all occurrences of each character in From replaced by its corresponding character in To. Characters in Char that are not in From are not replaced. E.g., Translate (colName, &apos;i&apos;, &apos;a&apos;) replaces all &apos;i&apos;s with &apos;a&apos;s"><![CDATA[TRANSLATE(char, from, to)]]></SqlTemplate>
<SqlTemplate Description="Use the TREAT function to change the declared type of an expression."><![CDATA[TREAT(expr AS REF schema.type)]]></SqlTemplate>
<SqlTemplate Description="TRIM enables you to trim leading or trailing characters (or both) from a character string. If trim_character or trim_source is a character literal, you must enclose it in single quotes.
If you specify LEADING, Oracle removes any leading characters equal to trim_character. 
If you specify TRAILING, Oracle removes any trailing characters equal to trim_character. 
If you specify BOTH or none of the three, Oracle removes leading and trailing characters equal to trim_character. 
If you do not specify trim_character, the default value is a blank space. 
If you specify only trim_source, Oracle removes leading and trailing blank spaces. 
The function returns a value with datatype VARCHAR2. The maximum length of the value is the length of trim_source. 
If either trim_source or trim_character is a null value, then the TRIM function returns a null value."><![CDATA[TRIM(LEADING|TRAILING|BOTH trim_char FROM trim_source)]]></SqlTemplate>
<SqlTemplate Description="Returns Char, with all letters uppercase."><![CDATA[UPPER(char)]]></SqlTemplate>
<SqlTemplate Description="Returns the decimal representation in the database character set of the first byte of Char."><![CDATA[ASCII(char)]]></SqlTemplate>
<SqlTemplate Description="Searches Char1 beginning with its Nth character for the Mth occurrence of Char2 and returns the position of the character in Char1 that is the first character of this occurrence.
If N is negative, Oracle counts and searches backward from the end of Char1.  N and M default to 1."><![CDATA[INSTR(char1, char2 [,n [,m]])]]></SqlTemplate>
<SqlTemplate Description="The same as INSTR, except that N and the return value are expressed in bytes, rather than in characters."><![CDATA[INSTRB(char1, char2 [,n [,m]])]]></SqlTemplate>
<SqlTemplate Description="Returns the length of Char in characters.
If Char has datatype CHAR, then length includes all trailing blanks."><![CDATA[LENGTH(char)]]></SqlTemplate>
<SqlTemplate Description="Returns the length of Char in bytes."><![CDATA[LENGTHB(char)]]></SqlTemplate>
</CATEGORY>
<CATEGORY Name="Single Row Number Functions">
<SqlTemplate Description="Returns the absolute value of N."><![CDATA[ABS(n)]]></SqlTemplate>
<SqlTemplate Description="Returns the arc cosine of N. Inputs are in the range of -1 to 1, and outputs are in the range of 0 to pi and are expressed in radians."><![CDATA[ACOS(n)]]></SqlTemplate>
<SqlTemplate Description="ADD_MONTHS returns the date d plus n months. The argument n can be any integer. If d is the last day of the month or if the resulting month has fewer days than the day component of d, then the result is the last day of the resulting month. Otherwise, the result has the same day component as d."><![CDATA[ADD_MONTHS(d,n)]]></SqlTemplate>
<SqlTemplate Description="Returns the arc sine of N. Inputs are in the range of -1 to 1, and outputs are in the range of -pi/2 to pi/2 and are expressed in radians."><![CDATA[ASIN(n)]]></SqlTemplate>
<SqlTemplate Description="Returns the arc tangent of N. Inputs are in an unbounded range, and outputs are in the range of -pi/2 to pi/2 and are expressed in radians."><![CDATA[ATAN(n)]]></SqlTemplate>
<SqlTemplate Description="Returns the arc tangent of N and M. Inputs are in an unbounded range, and outputs are in the range of -pi to pi, depending on the signs of x and y, and are expressed in radians.  Atan2(x,y) is the same as Atan2(x/y)."><![CDATA[ATAN2(n,m)]]></SqlTemplate>
<SqlTemplate Description="BITAND computes an AND operation on the bits of argument1 and argument2, both of which must resolve to nonnegative integers, and returns an integer. This function is commonly used with the DECODE expression, as illustrated in the example that follows."><![CDATA[BITAND(argument1, argument2)]]></SqlTemplate>
<SqlTemplate Description="Returns the smallest integer greater than or equal to N.  (see FLOOR)"><![CDATA[CEIL(n)]]></SqlTemplate>
<SqlTemplate Description="Returns the cosine of N (an angle expressed in radians)."><![CDATA[COS(n)]]></SqlTemplate>
<SqlTemplate Description="Returns the hyperbolic cosine of N."><![CDATA[COSH(n)]]></SqlTemplate>
<SqlTemplate Description="Returns e raised to the Nth power, where e = 2.71828183..."><![CDATA[EXP(n)]]></SqlTemplate>
<SqlTemplate Description="Returns largest integer equal to or less than N.  (see CEIL)"><![CDATA[FLOOR(n)]]></SqlTemplate>
<SqlTemplate Description="Returns the natural logarithm of N where N &gt; 0"><![CDATA[LN(n)]]></SqlTemplate>
<SqlTemplate Description="Returns the logarithm, base M, of N. The base M can be any positive number other than 0 or 1 and N can be any positive number."><![CDATA[LOG(m,n)]]></SqlTemplate>
<SqlTemplate Description="Returns remainder of M divided by N.  Returns M if N is 0."><![CDATA[MOD(m,n)]]></SqlTemplate>
<SqlTemplate Description="Returns M raised to the Nth power. The base M and the exponent N can by any numbers, but if M is negative, N must be an integer."><![CDATA[POWER(m,n)]]></SqlTemplate>
<SqlTemplate Description="Returns N rounded to M places right of the decimal point.  M defaults to 0. M can be negative to round off digits left of the decimal point.  M must be an integer."><![CDATA[ROUND(n [,m])]]></SqlTemplate>
<SqlTemplate Description="if N &lt; 0 then -1;  if N = 0 then 0;  if N &gt; 0 then 1"><![CDATA[SIGN(n)]]></SqlTemplate>
<SqlTemplate Description="Returns the sine of N (an angle expressed in radians)."><![CDATA[SIN(n)]]></SqlTemplate>
<SqlTemplate Description="Returns the hyperbolic sine of N."><![CDATA[SINH(n)]]></SqlTemplate>
<SqlTemplate Description="Returns square root of N;  if N &lt; 0 then NULL"><![CDATA[SQRT(n)]]></SqlTemplate>
<SqlTemplate Description="Returns the tangent of N (an angle expressed in radians)."><![CDATA[TAN(n)]]></SqlTemplate>
<SqlTemplate Description="Returns the hyperbolic tangent of N."><![CDATA[TANH(n)]]></SqlTemplate>
<SqlTemplate Description="Returns N truncated to M decimal places;  M defaults to 0. M can be negative to truncate (make zero) M digits left of the decimal point."><![CDATA[TRUNC(n [,m])]]></SqlTemplate>
<SqlTemplate Description="The WIDTH_BUCKET function lets you construct equiwidth histograms. For a given expression, it returns the bucket number into which the value of this expression would fall after being evaluated."><![CDATA[WIDTH_BUCKET(expr,min_value,max_value,num_buckets)]]></SqlTemplate>
</CATEGORY>
<CATEGORY Name="Group Functions">
<SqlTemplate Description="Calculates the arithmetic average of the values in a column."><![CDATA[AVG([DISTINCT | ALL] n)]]></SqlTemplate>
<SqlTemplate Description="CORR returns the coefficient of correlation of a set of number pairs. You can use it as an aggregate or analytic function."><![CDATA[CORR(expr1, expr2) OVER(analytic_clause)]]></SqlTemplate>
<SqlTemplate Description="Counts the number of values in a column or the number of rows in a table.
COUNT(*) returns the number of rows in a table.
COUNT(DISTINCT ColName) returns the number of unique values for column ColName.
COUNT(ColName) returns the number of rows that have a non null value for ColName."><![CDATA[COUNT(*)]]></SqlTemplate>
<SqlTemplate Description="COVAR_POP returns the population covariance of a set of number pairs. You can use it as an aggregate or analytic function."><![CDATA[COVAR_POP(expr1, expr2) OVER(analytic_clause)]]></SqlTemplate>
<SqlTemplate Description="COVAR_SAMP returns the sample covariance of a set of number pairs. You can use it as an aggregate or analytic function."><![CDATA[COVAR_SMP(expr1, expr2) OVER(analytic_clause)]]></SqlTemplate>
<SqlTemplate Description="CUME_DIST calculates the cumulative distribution of a value in a group of values. The range of values returned by CUME_DIST is &gt;0 to &lt;=1. Tie values always evaluate to the same cumulative distribution value."><![CDATA[CUME_DIST(expr) WITHIN GROUP(ORDER BY expr ASC|DESC NULLS FIRST|LAST)]]></SqlTemplate>
<SqlTemplate Description="The DENSE_RANK function computes the rank of a row in an ordered group of rows. The ranks are consecutive integers beginning with 1. The largest rank value is the number of unique values returned by the query. Rank values are not skipped in the event of ties. Rows with equal values for the ranking criteria receive the same rank."><![CDATA[DENSE_RANK(expr) WITHIN GROUP(ORDER BY expr ASC|DESC NULLS FIRST|LAST)]]></SqlTemplate>
<SqlTemplate Description="The FIRST and LAST functions are very similar. Both are aggregate and analytic functions that operate on a set of values from a set of rows that rank as the FIRST or LAST with respect to a given sorting specification. If only one row ranks as FIRST or LAST, the aggregate operates on the set with only one element."><![CDATA[KEEP(DENSE_RANK FIRST ORDER BY expr ASC|DESC NULLS FIRST|LAST)]]></SqlTemplate>
<SqlTemplate Description="The GROUP_ID function distinguishes duplicate groups resulting from a GROUP BY specification. It is therefore useful in filtering out duplicate groupings from the query result. It returns an Oracle NUMBER to uniquely identify duplicate groups. This function is applicable only in a SELECT statement that contains a GROUP BY clause."><![CDATA[GROUP_ID()]]></SqlTemplate>
<SqlTemplate Description="The GROUPING function distinguishes superaggregate rows from regular grouped rows. GROUP BY extensions such as ROLLUP and CUBE produce superaggregate rows where the set of all values is represented by null. Using the GROUPING function, you can distinguish a null representing the set of all values in a superaggregate row from a null in a regular row."><![CDATA[GROUPING(expr)]]></SqlTemplate>
<SqlTemplate Description="The GROUPING_ID function returns a number corresponding to the GROUPING bit vector associated with a row. GROUPING_ID is applicable only in a SELECT statement that contains a GROUP BY extension, such as ROLLUP or CUBE, and a GROUPING function. In queries with many GROUP BY expressions, it is difficult to determine the GROUP BY level of a particular row. GROUPING_ID is useful in these cases."><![CDATA[GROUPING_ID(expr)]]></SqlTemplate>
<SqlTemplate Description="Determines the largest value in a column. See COUNT for usage of DISTINCT"><![CDATA[MAX([DISTINCT | ALL]  n)]]></SqlTemplate>
<SqlTemplate Description="Determines the smallest value in a column. See COUNT for usage of DISTINCT"><![CDATA[MIN([DISTINCT | ALL] n)]]></SqlTemplate>
<SqlTemplate Description="The PERCENTILE_CONT function is an inverse distribution function that assumes a continuous distribution model. It takes a percentile value and a sort specification, and returns an interpolated value that would fall into that percentile value with respect to the sort specification. Nulls are ignored in the calculation."><![CDATA[PERCENTILE_CONT(expr) WITHIN GROUP(ORDER BY expr ASC|DESC)]]></SqlTemplate>
<SqlTemplate Description="The PERCENTILE_DISC function is an inverse distribution function that assumes a discrete distribution model. It takes a percentile value and a sort specification and returns an element from the set. Nulls are ignored in the calculation."><![CDATA[PERCENTILE_DISC(expr) WITHIN GROUP(ORDER BY expr ASC|DESC)]]></SqlTemplate>
<SqlTemplate Description="The PERCENT_RANK function is similar to the CUME_DIST (cumulative distribution) function. The range of values returned by PERCENT_RANK is 0 to 1, inclusive. The first row in any set has a PERCENT_RANK of 0."><![CDATA[PERCENT_RANK(expr) WITHIN GROUP(ORDER BY expr ASC|DESC NULLS FIRST|LAST)]]></SqlTemplate>
<SqlTemplate Description="RANK calculates the rank of a value in a group of values. Rows with equal values for the ranking criteria receive the same rank. Oracle then adds the number of tied rows to the tied rank to calculate the next rank. Therefore, the ranks may not be consecutive numbers."><![CDATA[RANK(expr) WITHIN GROUP(ORDER BY expr ASC|DESC NULLS FIRST|LAST)]]></SqlTemplate>
<SqlTemplate Description="REGR_SLOPE returns the slope of the line. The return value is a number and can be null. After the elimination of null (expr1, expr2) pairs, it makes the following computation: COVAR_POP(expr1, expr2) / VAR_POP(expr2)"><![CDATA[REGR_SLOPE(expr1, expr2) OVER(analytic_clause)]]></SqlTemplate>
<SqlTemplate Description="REGR_INTERCEPT returns the y-intercept of the regression line. The return value is a number and can be null. After the elimination of null (expr1, expr2) pairs, it makes the following computation: AVG(expr1) - REGR_SLOPE(expr1, expr2) * AVG(expr2)"><![CDATA[REGR_INTERCEPT(expr1, expr2) OVER(analytic_clause)]]></SqlTemplate>
<SqlTemplate Description="REGR_COUNT returns an integer that is the number of non-null number pairs used to fit the regression line."><![CDATA[REGR_COUNT(expr1, expr2) OVER(analytic_clause)]]></SqlTemplate>
<SqlTemplate Description="REGR_R2 returns the coefficient of determination (also called &quot;R-squared&quot; or &quot;goodness of fit&quot;) for the regression. The return value is a number and can be null. VAR_POP(expr1) and VAR_POP(expr2) are evaluated after the elimination of null pairs."><![CDATA[REGR_R2(expr1, expr2) OVER(analytic_clause)]]></SqlTemplate>
<SqlTemplate Description="REGR_AVGX evaluates the average of the independent variable (expr2) of the regression line. It makes the following computation after the elimination of null (expr1, expr2) pairs: AVG(expr2)"><![CDATA[REGR_AVGX(expr1, expr2) OVER(analytic_clause)]]></SqlTemplate>
<SqlTemplate Description="REGR_AVGY evaluates the average of the dependent variable (expr1) of the regression line. It makes the following computation after the elimination of null (expr1, expr2) pairs: AVG(expr1)"><![CDATA[REGR_AVGY(expr1, expr2) OVER(analytic_clause)]]></SqlTemplate>
<SqlTemplate Description="REGR_SXX makes the following computation after the elimination of null (expr1, expr2) pairs: REGR_COUNT(expr1, expr2) * VAR_POP(expr2)"><![CDATA[REGR_SXX(expr1, expr2) OVER(analytic_clause)]]></SqlTemplate>
<SqlTemplate Description="REGR_SYY makes the following computation after the elimination of null (expr1, expr2) pairs: REGR_COUNT(expr1, expr2) * VAR_POP(expr1)"><![CDATA[REGR_SYY(expr1, expr2) OVER(analytic_clause)]]></SqlTemplate>
<SqlTemplate Description="REGR_SXY makes the following computation after the elimination of null (expr1, expr2) pairs: REGR_COUNT(expr1, expr2) * COVAR_POP(expr1, expr2)"><![CDATA[REGR_SXY(expr1, expr2) OVER(analytic_clause)]]></SqlTemplate>
<SqlTemplate Description="Determines the standard deviation, the square root of the variance, of the values in a column. See COUNT for usage of DISTINCT"><![CDATA[STDDEV([DISTINCT | ALL] n)]]></SqlTemplate>
<SqlTemplate Description="STDDEV_POP computes the population standard deviation and returns the square root of the population variance. You can use it as both an aggregate and analytic function."><![CDATA[STDDEV_POP(expr) OVER(analytic_clause)]]></SqlTemplate>
<SqlTemplate Description="STDDEV_SAMP computes the cumulative sample standard deviation and returns the square root of the sample variance. You can use it as both an aggregate and analytic function."><![CDATA[STDDEV_SAMP(expr) OVER(analytic_clause)]]></SqlTemplate>
<SqlTemplate Description="Calculates the sum of all values in a column. See COUNT for usage of DISTINCT"><![CDATA[SUM([DISTINCT | ALL] n)]]></SqlTemplate>
<SqlTemplate Description="Aggregates all the XML documents or fragments represented by expr into one XML document, enclosed by an element with default name ROWSET. The fmt parameter is of type SYS.XMLGenFormatType."><![CDATA[SYS_XMLAGG(expr[,fmt])]]></SqlTemplate>
<SqlTemplate Description="VAR_POP returns the population variance of a set of numbers after discarding the nulls in this set. You can use it as both an aggregate and analytic function."><![CDATA[VAR_POP(expr) OVER(analytic_clause)]]></SqlTemplate>
<SqlTemplate Description="VAR_SAMP returns the sample variance of a set of numbers after discarding the nulls in this set. You can use it as both an aggregate and analytic function."><![CDATA[VAR_SAMP(expr) OVER(analytic_clause)]]></SqlTemplate>
<SqlTemplate Description="Determines the variance of the values in a column. See COUNT for usage of DISTINCT"><![CDATA[VARIANCE( [DISTINCT | ALL] n)]]></SqlTemplate>
</CATEGORY>
<CATEGORY Name="Date Functions">
<SqlTemplate Description="Returns the date D plus N months.  N can be any integer."><![CDATA[ADD_MONTHS(d,n)]]></SqlTemplate>
<SqlTemplate Description="CURRENT_DATE returns the current date in the session time zone, in a value in the Gregorian calendar of datatype DATE."><![CDATA[CURRENT_DATE]]></SqlTemplate>
<SqlTemplate Description="CURRENT_TIMESTAMP returns the current date and time in the session time zone, in a value of datatype TIMESTAMP WITH TIME ZONE. The time zone displacement reflects the current local time of the SQL session. If you omit precision, the default is 6. The difference between this function and LOCALTIMESTAMP is that CURRENT_TIMESTAMP returns a TIMESTAMP WITH TIME ZONE value while LOCALTIMESTAMP returns a TIMESTAMP value."><![CDATA[CURRENT_TIMESTAMP(precision)]]></SqlTemplate>
<SqlTemplate Description="The DBTIMEZONE function returns the value of the database time zone. The return type is a time zone offset (a character type in the format &apos;[+|-]TZH:TZM&apos;) or a time zone region name, depending on how the user specified the database time zone value in the most recent CREATE DATABASE or ALTER DATABASE statement."><![CDATA[DBTIMEZONE]]></SqlTemplate>
<SqlTemplate Description="The FROM_TZ function converts a timestamp value at a time zone to a TIMESTAMP WITH TIME ZONE value. time_zone_value is a character string in the format &apos;TZH:TZM&apos; or a character expression that returns a string in TZR with optional TZD format."><![CDATA[FROM_TZ(timestamp_value,time_zone_value)]]></SqlTemplate>
<SqlTemplate Description="Returns the date of the last day of the month that contains D."><![CDATA[LAST_DAY(d)]]></SqlTemplate>
<SqlTemplate Description="The LOCALTIMESTAMP function returns the current date and time in the session time zone in a value of datatype TIMESTAMP. The difference between this function and CURRENT_TIMESTAMP is that LOCALTIMESTAMP returns a TIMESTAMP value while CURRENT_TIMESTAMP returns a TIMESTAMP WITH TIME ZONE value."><![CDATA[LOCALTIMESTAMP(timestamp_precision)]]></SqlTemplate>
<SqlTemplate Description="Returns the number of months between dates d1 and d2.
If d1 is later than d2, result is positive; if earlier, than negative."><![CDATA[MONTHS_BETWEEN(d1, d2)]]></SqlTemplate>
<SqlTemplate Description="Returns the date and time in time zone z2 when date and time in time zone z1 are d."><![CDATA[NEW_TIME(d, z1, z2)]]></SqlTemplate>
<SqlTemplate Description="Returns the date of the first weekday named by Char that is later than the date d. E.g., next_day (&apos;15-MAR-92&apos;, &apos;Tuesday&apos;) returns 17-MAR-92"><![CDATA[NEXT_DAY(d, char)]]></SqlTemplate>
<SqlTemplate Description="NUMTODSINTERVAL converts n to an INTERVAL DAY TO SECOND literal. n can be a number or an expression resolving to a number. char_expr can be of CHAR, VARCHAR2, NCHAR, or NVARCHAR2 datatype. The value for char_expr specifies the unit of n and must resolve to one of the following string values: &apos;DAY&apos;, &apos;HOUR&apos;, &apos;MINUTE&apos;, &apos;SECOND&apos; - char_expr is case insensitive. Leading and trailing values within the parentheses are ignored. By default, precision of the return is 9."><![CDATA[NUMTODSINTERVAL(n,'char_expr')]]></SqlTemplate>
<SqlTemplate Description="NUMTOYMINTERVAL converts number n to an INTERVAL YEAR TO MONTH literal. n can be a number or an expression resolving to a number. char_expr can be of CHAR, VARCHAR2, NCHAR, or NVARCHAR2 datatype. The value for char_expr specifies the unit of n, and must resolve to one of the following string values: &apos;YEAR&apos;, &apos;MONTH&apos; - char_expr is case insensitive. Leading and trailing values within the parentheses are ignored. By default, precision of the return is 9."><![CDATA[NUMTOYMINTERVAL(n,'char_expr')]]></SqlTemplate>
<SqlTemplate Description="Returns d rounded to the unit specified by the format model fmt.
If you omit fmt, d is rounded to the nearest day.
If fmt is &apos;YYYY&apos; the year of the date is rounded Up/Down as determined by the day of the year.
If fmt is &apos;MM&apos; the month is rounded Up/Down determined by the day of the month."><![CDATA[ROUND(d [,fmt])]]></SqlTemplate>
<SqlTemplate Description="The SESSIONTIMEZONE function returns the value of the current session&apos;s time zone. The return type is a time zone offset (a character type in the format &apos;[+|]TZH:TZM&apos;) or a time zone region name, depending on how the user specified the session time zone value in the most recent ALTER SESSION statement."><![CDATA[SESSIONTIMEZONE]]></SqlTemplate>
<SqlTemplate Description="The SYS_EXTRACT_UTC function extracts the UTC (Coordinated Universal Time--formerly Greenwich Mean Time) from a datetime with time zone displacement."><![CDATA[SYS_EXTRACT_UTC(datetime_with_timezone)]]></SqlTemplate>
<SqlTemplate Description="The SYSTIMESTAMP function returns the system date, including fractional seconds and time zone of the database. The return type is TIMESTAMP WITH TIME ZONE."><![CDATA[SYSTIMESTAMP]]></SqlTemplate>
<SqlTemplate Description="Returns the current system date and time of the database server."><![CDATA[SYSDATE]]></SqlTemplate>
<SqlTemplate Description="TO_DSINTERVAL converts a character string of CHAR, VARCHAR2, NCHAR, or NVARCHAR2 datatype to an INTERVAL DAY TO SECOND type. char is the character string to be converted. The only valid NLS parameter you can specify in this function is NLS_NUMERIC_CHARACTERS. This argument can have the form: NLS_NUMERIC_CHARACTERS = &quot;dg&quot; where d and g represent the decimal character and group separator respectively."><![CDATA[TO_DSINTERVAL(char 'nlsparam')]]></SqlTemplate>
<SqlTemplate Description="TO_TIMESTAMP converts char of CHAR, VARCHAR2, NCHAR, or NVARCHAR2 datatype to a value of TIMESTAMP datatype. The optional fmt specifies the format of char. If you omit fmt, char must be in the default format of the TIMESTAMP datatype. The optional nlsparam has the same purpose in this function as in the TO_CHAR function for date conversion."><![CDATA[TO_TIMESTAMP(char,fmt 'nlsparam')]]></SqlTemplate>
<SqlTemplate Description="TO_TIMESTAMP_TZ converts char of CHAR, VARCHAR2, NCHAR, or NVARCHAR2 datatype to a value of TIMESTAMP WITH TIME ZONE datatype."><![CDATA[TO_TIMESTAMP_TZ(char,fmt 'nlsparams')]]></SqlTemplate>
<SqlTemplate Description="The TO_YMINTERVAL function converts a character string of CHAR, VARCHAR2, NCHAR, or NVARCHAR2 datatype to an INTERVAL YEAR TO MONTH type, where char is the character string to be converted."><![CDATA[TO_YMINTERVAL(char)]]></SqlTemplate>
<SqlTemplate Description="Returns D with the time portion of the day truncated to the unit specified by the format model fmt.
If you omit fmt, d is truncated to the nearest day."><![CDATA[TRUNC(d [,fmt])]]></SqlTemplate>
<SqlTemplate Description="TZ_OFFSET returns the time zone offset corresponding to the value entered based on the date the statement is executed. You can enter a valid time zone name, a time zone offset from UTC (which simply returns itself), or the keyword SESSIONTIMEZONE or DBTIMEZONE. For a listing of valid values, query the V$TIMEZONE_NAMES dynamic performance view."><![CDATA[TZ_OFFSET(time_zone_name|SESSIONTIMEZONE|DBTIMEZONE)]]></SqlTemplate>
<SqlTemplate Description="Date1 is converted to CHAR data type in the format specified by fmt."><![CDATA[TO_CHAR(date1 [,fmt])]]></SqlTemplate>
<SqlTemplate Description="Given a current date of 2/25/97, returns &apos;27-FEB-97&apos;"><![CDATA[TO_CHAR(sysdate)]]></SqlTemplate>
<SqlTemplate Description="Given a current date of 2/25/97, returns &apos;02/27/97&apos;"><![CDATA[TO_CHAR(sysdate, 'MM/DD/YY')]]></SqlTemplate>
<SqlTemplate Description="Given a current date of 2/25/97, returns the Julian date &apos;2450507&apos;"><![CDATA[TO_CHAR(sysdate, 'J')]]></SqlTemplate>
<SqlTemplate Description="Given a current date of 2/25/97, returns the short Month name &apos;Feb&apos;"><![CDATA[TO_CHAR(sysdate,'Mon')]]></SqlTemplate>
<SqlTemplate Description="Given a current date of 2/25/97, returns the long Month name &apos;February&apos;"><![CDATA[TO_CHAR(sysdate, 'Month')]]></SqlTemplate>
<SqlTemplate Description="Given a current date of 2/25/97, returns the 3 digit day of the year 058"><![CDATA[TO_CHAR(sysdate, 'DDD')]]></SqlTemplate>
</CATEGORY>
<CATEGORY Name="Date Format Options">
<SqlTemplate Description="AD indicator with or without periods."><![CDATA[AD or A.D.]]></SqlTemplate>
<SqlTemplate Description="Meridian indicator with or without periods."><![CDATA[AM or A.M.]]></SqlTemplate>
<SqlTemplate Description="BC indicator with or without periods."><![CDATA[BC or B.C.]]></SqlTemplate>
<SqlTemplate Description="One greater than the first two digits of a four-digit year; &quot;S&quot; prefixes BC dates with &quot;-&quot;. For example, &apos;20&apos; from &apos;1900&apos;."><![CDATA[CC or SCC]]></SqlTemplate>
<SqlTemplate Description="Day of week (1-7)."><![CDATA[D]]></SqlTemplate>
<SqlTemplate Description="Name of day, padded with blanks to length of 9 characters."><![CDATA[DAY]]></SqlTemplate>
<SqlTemplate Description="Day of month (1-31)."><![CDATA[DD]]></SqlTemplate>
<SqlTemplate Description="Day of year (1-366)."><![CDATA[DDD]]></SqlTemplate>
<SqlTemplate Description="Abbreviated name of day."><![CDATA[DY]]></SqlTemplate>
<SqlTemplate Description="Abbreviated era name (Japanese Imperial, ROC Official, and Thai Buddha calendars)."><![CDATA[E]]></SqlTemplate>
<SqlTemplate Description="Full era name (Japanese Imperial, ROC Official, and Thai Buddha calendars)."><![CDATA[EE]]></SqlTemplate>
<SqlTemplate Description="Fractional seconds; no radix printed (see X format element below). Example: &apos;HH:MI:SS.FF&apos;."><![CDATA[FF]]></SqlTemplate>
<SqlTemplate Description="Hour of day (1-12)."><![CDATA[HH]]></SqlTemplate>
<SqlTemplate Description="Hour of day (1-12)."><![CDATA[HH12]]></SqlTemplate>
<SqlTemplate Description="Hour of day (0-23)."><![CDATA[HH24]]></SqlTemplate>
<SqlTemplate Description="Week of year (1-52 or 1-53) based on the ISO standard."><![CDATA[IW]]></SqlTemplate>
<SqlTemplate Description="Last 3, 2, or 1 digit(s) of ISO year."><![CDATA[IYY or IY or I]]></SqlTemplate>
<SqlTemplate Description="4-digit year based on the ISO standard."><![CDATA[IYYY]]></SqlTemplate>
<SqlTemplate Description="Julian day; the number of days since January 1, 4712 BC. Number specified with &apos;J&apos; must be integers."><![CDATA[J]]></SqlTemplate>
<SqlTemplate Description="Minute (0-59)."><![CDATA[MI]]></SqlTemplate>
<SqlTemplate Description="Month (01-12; JAN = 01)."><![CDATA[MM]]></SqlTemplate>
<SqlTemplate Description="Abbreviated name of month."><![CDATA[MON]]></SqlTemplate>
<SqlTemplate Description="Name of month, padded with blanks to length of 9 characters."><![CDATA[MONTH]]></SqlTemplate>
<SqlTemplate Description="Meridian indicator with or without periods."><![CDATA[PM or P.M.]]></SqlTemplate>
<SqlTemplate Description="Quarter of year (1, 2, 3, 4; JAN-MAR = 1)."><![CDATA[Q]]></SqlTemplate>
<SqlTemplate Description="Roman numeral month (I-XII; JAN = I)."><![CDATA[RM]]></SqlTemplate>
<SqlTemplate Description="Given a year with 2 digits:
If the year is &lt;50 and the last 2 digits of the current year are &gt;=50, the first 2 digits of the returned year are 1 greater than the first 2 digits of the current year.
If the year is &gt;=50 and the last 2 digits of the current year are &lt;50, the first 2 digits of the returned year are 1 less than the first 2 digits of the current year."><![CDATA[RR]]></SqlTemplate>
<SqlTemplate Description="Round year. Accepts either 4-digit or 2-digit input. If 2-digit, provides the same return as RR. If you don&apos;t want this functionality, simply enter the 4-digit year."><![CDATA[RRRR]]></SqlTemplate>
<SqlTemplate Description="Second (0-59)."><![CDATA[SS]]></SqlTemplate>
<SqlTemplate Description="Seconds past midnight (0-86399)."><![CDATA[SSSSS]]></SqlTemplate>
<SqlTemplate Description="Daylight savings information. The TZD value is an abbreviated time zone string with daylight savings information. It must correspond with the region specified in TZR.
Example: PST (for US/Pacific standard time); PDT (for US/Pacific daylight time)."><![CDATA[TZD]]></SqlTemplate>
<SqlTemplate Description="Time zone hour. (See TZM format element below.) Example: &apos;HH:MI:SS.FFTZH:TZM&apos;."><![CDATA[TZH]]></SqlTemplate>
<SqlTemplate Description="Time zone minute. (See TZH format element above.) Example: &apos;HH:MI:SS.FFTZH:TZM&apos;."><![CDATA[TZM]]></SqlTemplate>
<SqlTemplate Description="Time zone region information. The value must be one of the time zone regions supported in the database. Example: US/Pacific"><![CDATA[TZR]]></SqlTemplate>
<SqlTemplate Description="Week of year (1-53) where week 1 starts on the first day of the year and continues to the seventh day of the year."><![CDATA[WW]]></SqlTemplate>
<SqlTemplate Description="Week of month (1-5) where week 1 starts on the first day of the month and ends on the seventh."><![CDATA[W]]></SqlTemplate>
<SqlTemplate Description="Local radix character. Example: &apos;HH:MI:SSXFF&apos;."><![CDATA[X]]></SqlTemplate>
<SqlTemplate Description="Year with comma in this position."><![CDATA[Y,YYY]]></SqlTemplate>
<SqlTemplate Description="Year, spelled out; &quot;S&quot; prefixes BC dates with &quot;-&quot;."><![CDATA[YEAR or SYEAR]]></SqlTemplate>
<SqlTemplate Description="4-digit year; &quot;S&quot; prefixes BC dates with &quot;-&quot;."><![CDATA[YYYY or SYYYY]]></SqlTemplate>
<SqlTemplate Description="Last 3, 2, or 1 digit(s) of year."><![CDATA[YYY or YY or Y]]></SqlTemplate>
</CATEGORY>
<CATEGORY Name="Data Conversion Functions">
<SqlTemplate Description="ASCIISTR takes as its argument a string in any character set and returns an ASCII string in the database character set. The value returned contains only characters that appear in SQL, plus the forward slash (/)."><![CDATA[ASCIISTR('string')]]></SqlTemplate>
<SqlTemplate Description="BIN_TO_NUM converts a bit vector to its equivalent number. Each argument to this function represents a bit in the bit vector. Each expr must evaluate to 0 or 1. This function returns Oracle NUMBER. BIN_TO_NUM is useful in data warehousing applications for selecting groups of interest from a materialized view using grouping sets."><![CDATA[BIN_TO_NUM(expr)]]></SqlTemplate>
<SqlTemplate Description="Converts expression into the specified datatype.  Example: convert data from a NUMBER to a CHAR, or from a nested table to a varray."><![CDATA[CAST(expr AS typename)]]></SqlTemplate>
<SqlTemplate Description="Converts the results of the subquery into the collection type specified by typename"><![CDATA[CAST(MULTISET(subquery)AS typename)]]></SqlTemplate>
<SqlTemplate Description="Converts a CHAR value to ROWID datatype. Used to reverse a rowid that was converted to CHAR via ROWIDTOCHAR function."><![CDATA[CHARTOROWID(char)]]></SqlTemplate>
<SqlTemplate Description="COMPOSE takes as its argument a string in any datatype, and returns a unicode string in its fully normalized form in the same character set as the input. For example, an &quot;o&quot; codepoint qualified by an umlaut codepoint will be returned as the o-umlaut codepoint."><![CDATA[COMPOSE('string')]]></SqlTemplate>
<SqlTemplate Description="Returns Char1 converted to dest_char_set.  Source_char_set defaults to the current char set. E.g.:  Convert(&apos;sample&apos;, &apos;US7ASCII&apos;, &apos;WE8DEC&apos;)"><![CDATA[CONVERT(char1, dest_char_set [,source_char_set)]]></SqlTemplate>
<SqlTemplate Description="DECOMPOSE takes as its argument a string in any datatype, and returns a unicode string after canonical decomposition in the same character set as the input. For example, an o-umlaut codepoint will be returned as the &quot;o&quot; codepoint followed by an umlaut codepoint."><![CDATA[DECOMPOSE('string')]]></SqlTemplate>
<SqlTemplate Description="Converts a TIMESTAMP to a TIMESTAMP WITH TIME ZONE"><![CDATA[FROM_TZ(timestamp, timezone)]]></SqlTemplate>
<SqlTemplate Description="HEXTORAW converts char containing hexadecimal digits in the CHAR, VARCHAR2, NCHAR, or NVARCHAR2 character set to a raw value."><![CDATA[HEXTORAW(char)]]></SqlTemplate>
<SqlTemplate Description="NUMTODSINTERVAL converts n to an INTERVAL DAY TO SECOND literal. n can be a number or an expression resolving to a number. char_expr can be of CHAR, VARCHAR2, NCHAR, or NVARCHAR2 datatype. The value for char_expr specifies the unit of n and must resolve to one of the following string values: &apos;DAY&apos;, &apos;HOUR&apos;, &apos;MINUTE&apos;, &apos;SECOND&apos; - char_expr is case insensitive. Leading and trailing values within the parentheses are ignored. By default, precision of the return is 9."><![CDATA[NUMTODSINTERVAL(n, 'char_expr')]]></SqlTemplate>
<SqlTemplate Description="NUMTOYMINTERVAL converts number n to an INTERVAL YEAR TO MONTH literal. n can be a number or an expression resolving to a number. char_expr can be of CHAR, VARCHAR2, NCHAR, or NVARCHAR2 datatype. The value for char_expr specifies the unit of n, and must resolve to one of the following string values: &apos;YEAR&apos;, &apos;MONTH&apos; - char_expr is case insensitive. Leading and trailing values within the parentheses are ignored. By default, precision of the return is 9."><![CDATA[NUMTOYMINTERVAL(n, 'char_expr')]]></SqlTemplate>
<SqlTemplate Description="RAWTOHEX converts raw to a character value containing its hexadecimal equivalent. The raw argument can be either RAW or BLOB datatype."><![CDATA[RAWTOHEX(raw)]]></SqlTemplate>
<SqlTemplate Description="The RAWTONHEX function converts raw to an NVARCHAR2 character value containing its hexadecimal equivalent."><![CDATA[RAWTONHEX(raw)]]></SqlTemplate>
<SqlTemplate Description="ROWIDTOCHAR converts a rowid value to VARCHAR2 datatype. The result of this conversion is always 18 characters long."><![CDATA[ROWIDTOCHAR(rowid)]]></SqlTemplate>
<SqlTemplate Description="The ROWIDTONCHAR function converts a rowid value to NVARCHAR2 datatype. The result of this conversion is always 18 characters long."><![CDATA[ROWIDTONCHAR(rowid)]]></SqlTemplate>
<SqlTemplate Description="Returns the approximate timestamp associated with the specified SCN (system change number). The returned value is of TIMESTAMP datatype. It can be used to associate a timestamp with the most recent change to a row, via the ORA_SCN pseudocolumn.  Oracle 10g only."><![CDATA[SCN_TO_TIMESTAMP(scn)]]></SqlTemplate>
<SqlTemplate Description="Date1 is converted to char type in the format specified by fmt."><![CDATA[TO_CHAR(date1 [,fmt])]]></SqlTemplate>
<SqlTemplate Description="Returns &apos;27-FEB-97&apos;"><![CDATA[TO_CHAR(sysdate)]]></SqlTemplate>
<SqlTemplate Description="Returns &apos;02/27/97&apos;"><![CDATA[TO_CHAR(sysdate, 'MM/DD/YY')]]></SqlTemplate>
<SqlTemplate Description="Returns the Julian date &apos;2450507&apos;"><![CDATA[TO_CHAR(sysdate, 'J')]]></SqlTemplate>
<SqlTemplate Description="Returns the short Month name &apos;Feb&apos;"><![CDATA[TO_CHAR(sysdate,'Mon')]]></SqlTemplate>
<SqlTemplate Description="Returns the long Month name &apos;February&apos;"><![CDATA[TO_CHAR(sysdate, 'Month')]]></SqlTemplate>
<SqlTemplate Description="Returns the 3 digit day of the year 058"><![CDATA[TO_CHAR(sysdate, 'DDD')]]></SqlTemplate>
<SqlTemplate Description="Number1 is converted by the format specified by fmt."><![CDATA[TO_CHAR(number1 [,fmt])]]></SqlTemplate>
<SqlTemplate Description="Number1 is returned as &apos;00123&apos;"><![CDATA[TO_CHAR(123.456, '09999')]]></SqlTemplate>
<SqlTemplate Description="Number1 is returned as &apos;00123.5&apos;"><![CDATA[TO_CHAR(123.456, '09999.9')]]></SqlTemplate>
<SqlTemplate Description="Number1 is returned as &apos;123,456&apos;"><![CDATA[TO_CHAR(123456, 'FM999,999,999')]]></SqlTemplate>
<SqlTemplate Description="The TO_CLOB function converts NCLOB values in a LOB column to CLOB values. Oracle executes this function by converting the underlying LOB data from the NCHAR or NVARCHAR2 character set to the database character set."><![CDATA[TO_CLOB(lob_column)]]></SqlTemplate>
<SqlTemplate Description="Converts a Char date to an Oracle Date data type. See TO_CHAR for samples of fmt."><![CDATA[TO_DATE(char [,fmt])]]></SqlTemplate>
<SqlTemplate Description="Converts a CHAR, VARCHAR2, NCHAR, or NVARCHAR2 string into an INTERVAL DAY TO SECOND.  The nlsparam is a value of NLS_NUMERIC_CHARACTERS."><![CDATA[TO_DSINTERVAL(char [,nlsparam])]]></SqlTemplate>
<SqlTemplate Description="TO_LOB converts LONG or LONG RAW values in the column long_column to LOB values. You can apply this function only to a LONG or LONG RAW column, and only in the SELECT list of a subquery in an INSERT statement. Before using this function, you must create a LOB column to receive the converted LONG values. To convert LONGs, create a CLOB column. To convert LONG RAWs, create a BLOB column."><![CDATA[TO_LOB(long_column)]]></SqlTemplate>
<SqlTemplate Description="TO_MULTI_BYTE returns char with all of its single-byte characters converted to their corresponding multibyte characters. char can be of datatype CHAR, VARCHAR2, NCHAR, or NVARCHAR2. The value returned is in the same datatype as char."><![CDATA[TO_MULTI_BYTE(char)]]></SqlTemplate>
<SqlTemplate Description="The TO_NCHAR (character) function converts a character string from the database character set to the NVARCHAR2 character set. This function is equivalent to the TRANSLATE ... USING function with a USING clause in the NCHAR character set."><![CDATA[TO_NCHAR(char, fmt, 'nlsparam')]]></SqlTemplate>
<SqlTemplate Description="The TO_NCHAR (datetime) function converts a character string of DATE, TIMESTAMP, TIMESTAMP WITH TIME ZONE, TIMESTAMP WITH LOCAL TIME ZONE, INTERVAL MONTH TO YEAR, or INTERVAL DAY TO SECOND datatype from the database character set to the NVARCHAR2 character set."><![CDATA[TO_NCHAR(datetime, fmt, 'nlsparam')]]></SqlTemplate>
<SqlTemplate Description="The TO_NCHAR (number) function converts a number to a string in the NVARCHAR2 character set. The optional fmt and nlsparam corresponding to n can be of DATE, TIMESTAMP, TIMESTAMP WITH TIME ZONE, TIMESTAMP WITH LOCAL TIME ZONE, INTERVAL MONTH TO YEAR, or INTERVAL DAY TO SECOND datatype."><![CDATA[TO_NCHAR(n, fmt, 'nlsparam')]]></SqlTemplate>
<SqlTemplate Description="The TO_NCLOB function converts CLOB values in a LOB column to NCLOB values. Oracle implements this function by converting the character set of the LOB column from the database character set to the NCHAR character set."><![CDATA[TO_NCLOB(lob_column)]]></SqlTemplate>
<SqlTemplate Description="Converts Char, a value of CHAR or VARCHAR2 datatype containing a number in the format specified by the optional format model fmt, to a value of NUMBER datatype."><![CDATA[TO_NUMBER(char [,fmt [, 'nlsparams']])]]></SqlTemplate>
<SqlTemplate Description="TO_SINGLE_BYTE returns char with all of its multibyte characters converted to their corresponding single-byte characters. char can be of datatype CHAR, VARCHAR2, NCHAR, or NVARCHAR2. The value returned is in the same datatype as char."><![CDATA[TO_SINGLE_BYTE(char)]]></SqlTemplate>
<SqlTemplate Description="Converts a CHAR, VARCHAR2, NCHAR, or NVARCHAR2 value to a TIMESTAMP, using the given format.  For example, consider TO_TIMESTAMP (&apos;10-Sep-02 14:10:10.123000&apos;,&apos;DD-Mon-RR HH24:MI:SS.FF)."><![CDATA[TO_TIMESTAMP(char [,fmt [, 'nlsparam']])]]></SqlTemplate>
<SqlTemplate Description="Converts a CHAR, VARCHAR2, NCHAR, or NVARCHAR2 value to a TIMESTAMP WITH TIME ZONE, using the given format."><![CDATA[TO_TIMESTAMP_TZ(char [,fmt [, 'nlsparam']])]]></SqlTemplate>
<SqlTemplate Description="Converts a CHAR, VARCHAR2, NCHAR, or NVARCHAR2 value to an INTERVAL YEAR TO MONTH.  For example, &apos;02-04&apos; becomes 2 years and 4 months."><![CDATA[TO_YMINTERVAL(char)]]></SqlTemplate>
<SqlTemplate Description="TRANSLATE ... USING converts text into the character set specified for conversions between the database character set and the national character set. 
The text argument is the expression to be converted. 
Specifying the USING CHAR_CS argument converts text into the database character set. The output datatype is VARCHAR2. 
Specifying the USING NCHAR_CS argument converts text into the national character set. The output datatype is NVARCHAR2. 
This function is similar to the Oracle CONVERT function, but must be used instead of CONVERT if either the input or the output datatype is being used as NCHAR or NVARCHAR2. If the input contains UCS2 codepoints or backslash characters (\), use the UNISTR function."><![CDATA[TRANSLATE(text USING CHAR_CS|NCHAR_CS)]]></SqlTemplate>
<SqlTemplate Description="UNISTR takes as its argument a string in any character set and returns it in unicode in the database unicode character set. To include UCS2 codepoint characters in the string, use the escape backslash (\) followed by the next number. To include the backslash itself, precede it with another backslash (\\)."><![CDATA[UNISTR('string')]]></SqlTemplate>
</CATEGORY>
<CATEGORY Name="Other Misc. Functions">
<SqlTemplate Description="BFILENAME returns a BFILE locator that is associated with a physical LOB binary file on the server&apos;s file system. A directory is an alias for a full pathname on the server&apos;s file system where the files are actually located, and &apos;filename&apos; is the name of the file in the server&apos;s file system."><![CDATA[BFILENAME(directory,filename)]]></SqlTemplate>
<SqlTemplate Description="Simple CASE statements evaluate an expression and compare it to different values to output another value.  
For example:  
SELECT DEPTNO, CASE DEPTNO WHEN 10 THEN &apos;ACCTG&apos; WHEN 20 THEN &apos;R AND D&apos; ELSE &apos;OTHER&apos; END &quot;Result&quot; FROM SCOTT.DEPT;  

If no ELSE clause is specified, then a NULL is returned.  Oracle 9i and up."><![CDATA[CASE expr WHEN expr1 THEN ret_expr1 ELSE ret_expr2 END]]></SqlTemplate>
<SqlTemplate Description="A searched CASE statement evaluates expressions one by one and returns a value when an expression evaulates to true.  
For example: 
SELECT DEPTNO, CASE WHEN DEPTNO=10 THEN &apos;ACCT&apos; WHEN DEPTNO=20 THEN &apos;R AND D&apos; ELSE &apos;OTHER&apos; END &quot;Result&quot; FROM SCOTT.DEPT;

If no ELSE clause is specified, then a NULL is returned.  Oracle 9i and up."><![CDATA[CASE WHEN cond1 THEN ret_expr1 ELSE ret_expr2 END]]></SqlTemplate>
<SqlTemplate Description="The COALESCE function returns the first non-null expr in the expression list. At least one expr must not be the literal NULL. If all occurrences of expr evaluate to null, the function returns null. This function is a generalization of the NVL function."><![CDATA[COALESCE(expr)]]></SqlTemplate>
<SqlTemplate Description="Translates expr to a return value. If expr equals value1, function returns Return1. If expr equals value2, function returns Return2. Etc. If expr does not equal any Value in the list, the default value is returned."><![CDATA[DECODE(expr, value1 [, return1, value2, return2....,] default )]]></SqlTemplate>
<SqlTemplate Description="DUMP returns a VARCHAR2 value containing the datatype code, length in bytes, and internal representation of expr. The returned result is always in the database character set."><![CDATA[DUMP(expr,return_fmt,start_position,length)]]></SqlTemplate>
<SqlTemplate Description="EMPTY_BLOB returns an empty LOB locator that can be used to initialize a LOB variable or in an INSERT or UPDATE statement to initialize a LOB column or attribute to EMPTY. EMPTY means that the LOB is initialized, but not populated with data."><![CDATA[EMPTY_BLOB()]]></SqlTemplate>
<SqlTemplate Description="EMPTY_CLOB returns an empty LOB locator that can be used to initialize a LOB variable or in an INSERT or UPDATE statement to initialize a LOB column or attribute to EMPTY. EMPTY means that the LOB is initialized, but not populated with data."><![CDATA[EMPTY_CLOB()]]></SqlTemplate>
<SqlTemplate Description="Returns 0 if the path does not exist in the XMLType.  Returns a number &gt; 0 otherwise."><![CDATA[EXISTSNODE(XMLType_instance, Xpath_string)]]></SqlTemplate>
<SqlTemplate Description="Returns the greatest of the list of exprs."><![CDATA[GREATEST(expr [,expr2, expr3...])]]></SqlTemplate>
<SqlTemplate Description="Returns the least of the list of exprs."><![CDATA[LEAST(expr [,expr2, expr3...])]]></SqlTemplate>
<SqlTemplate Description="NLS_CHARSET_DECL_LEN returns the declaration width (in number of characters) of an NCHAR column. The byte_count argument is the width of the column. The char_set_id argument is the character set ID of the column."><![CDATA[NLS_CHARSET_DECL_LEN(byte_count,char_set_id)]]></SqlTemplate>
<SqlTemplate Description="NLS_CHARSET_ID returns the NLS character set ID number corresponding to NLS character set name text. The text argument is a run-time VARCHAR2 value. The text value &apos;CHAR_CS&apos; returns the database character set ID number of the server. The text value &apos;NCHAR_CS&apos; returns the national character set ID number of the server."><![CDATA[NLS_CHARSET_ID(text)]]></SqlTemplate>
<SqlTemplate Description="NLS_CHARSET_NAME returns the name of the NLS character set corresponding to ID number number. The character set name is returned as a VARCHAR2 value in the database character set. If number is not recognized as a valid character set ID, this function returns null."><![CDATA[NLS_CHARSET_NAME(number)]]></SqlTemplate>
<SqlTemplate Description="The NULLIF function compares expr1 and expr2. If they are equal, the function returns null. If they are not equal, the function returns expr1. You cannot specify the literal NULL for expr1."><![CDATA[NULLIF(expr1, expr2)]]></SqlTemplate>
<SqlTemplate Description="If expr1 is null, returns expr2.  If expr1 is not null, returns expr1."><![CDATA[NVL(expr1, expr2)]]></SqlTemplate>
<SqlTemplate Description="If expr1 is not null, NVL2 returns expr2. If expr1 is null, NVL2 returns expr3. The argument expr1 can have any datatype. The arguments expr2 and expr3 can have any datatypes except LONG."><![CDATA[NVL2(expr1, expr2, expr3)]]></SqlTemplate>
<SqlTemplate Description="SYS_CONTEXT returns the value of attribute associated with the context namespace. You can use this function in both SQL and PL/SQL statements."><![CDATA[SYS_CONTEXT(namespace, attribute, length)]]></SqlTemplate>
<SqlTemplate Description="SYS_GUID generates and returns a globally unique identifier (RAW value) made up of 16 bytes. On most platforms, the generated identifier consists of a host identifier and a process or thread identifier of the process or thread invoking the function, and a nonrepeating value (sequence of bytes) for that process or thread."><![CDATA[SYS_GUID()]]></SqlTemplate>
<SqlTemplate Description="Returns an integer that uniquely identifies the current user."><![CDATA[UID]]></SqlTemplate>
<SqlTemplate Description="Returns the current Oracle user with the datatype VARCHAR2."><![CDATA[USER]]></SqlTemplate>
<SqlTemplate Description="Returns information about the current session.
Valid options are &apos;ENTRYID&apos;, &apos;SESSIONID&apos;, &apos;TERMINAL&apos;, &apos;LANGUAGE&apos;, &apos;LANG&apos;, &apos;CLIENT_INFO&apos; and &apos;LABEL&apos;."><![CDATA[USERENV(option)]]></SqlTemplate>
<SqlTemplate Description="Returns the number of bytes in the internal representation of expr."><![CDATA[VSIZE(expr)]]></SqlTemplate>
<SqlTemplate Description="Returns the current system date and time of the database server."><![CDATA[SYSDATE]]></SqlTemplate>
<SqlTemplate Description="If SQLERRM is passed a number value, it will return the error associated with that value. If SQLERRM is called with no arguments, inside of the exception section, it will return the error message associated with the most recent SQLCODE value."><![CDATA[SQLERRM]]></SqlTemplate>
<SqlTemplate Description="Returns the number associated with the most recently raised PL/SQL exception. This function can only be used from within a PL/SQL exception handler."><![CDATA[SQLCODE]]></SqlTemplate>
<SqlTemplate Description="SYS_CONNECT_BY_PATH is valid only in hierarchical queries. It returns the path of a column value from root to node, with column values separated by char for each row returned by CONNECT BY condition."><![CDATA[SYS_CONNECT_BY_PATH(column,char)]]></SqlTemplate>
<SqlTemplate Description="Generates an XMLType object based on the value of the expression.  The expr parameter can be a scalar, a value of a user-defined type, or an XMLType object.  The fmt parameter is a value of type SYS.XMLGenFormatType.  Oracle 9i and up."><![CDATA[SYS_XMLGEN(expr, [fmt])]]></SqlTemplate>
</CATEGORY>
<CATEGORY Name="Number Format Options">
<SqlTemplate Description="Returns a comma in the specified position. You can specify multiple commas in a number format model.
Restrictions:
A comma element cannot begin a number format model.
A comma cannot appear to the right of a decimal character or period in a number format model."><![CDATA[TO_CHAR(number, '9,999')]]></SqlTemplate>
<SqlTemplate Description="Returns a decimal point, which is a period (.) in the specified position.
Restriction: You can specify only one period in a number format model."><![CDATA[TO_CHAR(number, '99.99')]]></SqlTemplate>
<SqlTemplate Description="Returns value with a leading dollar sign."><![CDATA[TO_CHAR(number, '$9999')]]></SqlTemplate>
<SqlTemplate Description="Returns leading zeros."><![CDATA[TO_CHAR(number, '0999')]]></SqlTemplate>
<SqlTemplate Description="Returns trailing zeros."><![CDATA[TO_CHAR(number, '9990')]]></SqlTemplate>
<SqlTemplate Description="Returns value with the specified number of digits with a leading space if positive or with a leading minus if negative.
Leading zeros are blank, except for a zero value, which returns a zero for the integer part of the fixed-point number."><![CDATA[TO_CHAR(number, '9999')]]></SqlTemplate>
<SqlTemplate Description="Returns blanks for the integer part of a fixed-point number when the integer part is zero (regardless of &quot;0&quot;s in the format model)."><![CDATA[TO_CHAR(number, 'B9999')]]></SqlTemplate>
<SqlTemplate Description="Returns in the specified position the ISO currency symbol (the current value of the NLS_ISO_CURRENCY parameter)."><![CDATA[TO_CHAR(number, 'C999')]]></SqlTemplate>
<SqlTemplate Description="Returns in the specified position the decimal character, which is the current value of the NLS_NUMERIC_CHARACTER parameter. The default is a period (.).
Restriction: You can specify only one decimal character in a number format model."><![CDATA[TO_CHAR(number, '99D99')]]></SqlTemplate>
<SqlTemplate Description="Returns a value using in scientific notation."><![CDATA[TO_CHAR(number, '9.9EEEE')]]></SqlTemplate>
<SqlTemplate Description="Returns a value with no leading or trailing blanks."><![CDATA[TO_CHAR(number, 'FM90.9')]]></SqlTemplate>
<SqlTemplate Description="Returns in the specified position the group separator (the current value of the NLS_NUMERIC_CHARACTER parameter). You can specify multiple group separators in a number format model.
Restriction: A group separator cannot appear to the right of a decimal character or period in a number format model."><![CDATA[TO_CHAR(number, '9G999')]]></SqlTemplate>
<SqlTemplate Description="Returns in the specified position the local currency symbol (the current value of the NLS_CURRENCY parameter)."><![CDATA[TO_CHAR(number, 'L999')]]></SqlTemplate>
<SqlTemplate Description="Returns negative value with a trailing minus sign (-).
Returns positive value with a trailing blank.
Restriction: The MI format element can appear only in the last position of a number format model."><![CDATA[TO_CHAR(number, '9999MI')]]></SqlTemplate>
<SqlTemplate Description="Returns negative value in &lt;angle brackets&gt;.
Returns positive value with a leading and trailing blank.
Restriction: The PR format element can appear only in the last position of a number format model."><![CDATA[TO_CHAR(number, '9999PR')]]></SqlTemplate>
<SqlTemplate Description="Returns a value as Roman numerals in uppercase.
Value can be an integer between 1 and 3999."><![CDATA[TO_CHAR(number, 'RN')]]></SqlTemplate>
<SqlTemplate Description="Returns a value as Roman numerals in lowercase.
Value can be an integer between 1 and 3999."><![CDATA[TO_CHAR(number, 'rn')]]></SqlTemplate>
<SqlTemplate Description="Returns negative value with a leading minus sign (-).
Returns negative value with a trailing minus sign (-).
Returns positive value with a trailing plus sign (+).
Restriction: The S format element can appear only in the first or last position of a number format model."><![CDATA[TO_CHAR(number, 'S9999')]]></SqlTemplate>
<SqlTemplate Description="Returns positive value with a leading plus sign (+).
Returns negative value with a trailing minus sign (-).
Returns positive value with a trailing plus sign (+).
Restriction: The S format element can appear only in the first or last position of a number format model."><![CDATA[TO_CHAR(number, '9999S')]]></SqlTemplate>
<SqlTemplate Description="&quot;Text minimum&quot;. Returns (in decimal output) the smallest number of characters possible. This element is case-insensitive.
The default is TM9, which returns the number in fixed notation unless the output exceeds 64 characters. If output exceeds 64 characters, Oracle automatically returns the number in scientific notation.
Restrictions:
You cannot precede this element with any other element.
You can follow this element only with 9 or E (only one) or e (only one)."><![CDATA[TO_CHAR(number, 'TM')]]></SqlTemplate>
<SqlTemplate Description="Returns in the specified position the &quot;Euro&quot; (or other) dual currency symbol (the current value of the NLS_DUAL_CURRENCY parameter)."><![CDATA[TO_CHAR(number, 'U9999')]]></SqlTemplate>
<SqlTemplate Description="Returns a value multiplied by 10n (and if necessary, round it up), where n is the number of 9&apos;s after the &quot;V&quot;."><![CDATA[TO_CHAR(number, '999V99')]]></SqlTemplate>
<SqlTemplate Description="Returns the hexadecimal value of the specified number of digits. If the specified number is not an integer, Oracle rounds it to an integer.
Restrictions:
This element accepts only positive values or 0. Negative values return an error.
You can precede this element only with 0 (which returns leading zeroes) or FM. Any other elements return an error. If you specify neither 0 nor FM with X, the return always has 1 leading blank."><![CDATA[TO_CHAR(number, 'XXXX')]]></SqlTemplate>
<SqlTemplate Description="Converts a numeric Julian date to a date in the format &quot;MM/DD/YY&quot;"><![CDATA[TO_CHAR(number, 'DATE')]]></SqlTemplate>
</CATEGORY>
<CATEGORY Name="Oracle Pseudo Columns">
<SqlTemplate Description="For each row returned by a hierarchial query, CONNECT_BY_ISCYCLE returns 1 if the current row has a child which is also its ancestor. Otherwise it returns 0.  CONNECT_BY_ISCYCLE will only be useful if you have specified NOCYCLE in the CONNECT BY clause."><![CDATA[CONNECT_BY_ISCYCLE]]></SqlTemplate>
<SqlTemplate Description="For each row returned by a hierarchial query, CONNECT_BY_ISLEAF returns 1 if the row is a leaf of the tree defined by the CONNECT BY condition (i.e. has no children). Otherwise it returns 0."><![CDATA[CONNECT_BY_ISLEAF]]></SqlTemplate>
<SqlTemplate Description="Returns the current value of a sequence."><![CDATA[CURRVAL]]></SqlTemplate>
<SqlTemplate Description="Increments the sequence and returns the next value."><![CDATA[NEXTVAL]]></SqlTemplate>
<SqlTemplate Description="For each row returned by a hierarchial query, LEVEL returns 1 for a root node, 2 for a child of a root, and so on."><![CDATA[LEVEL]]></SqlTemplate>
<SqlTemplate Description="Shows the approximate SCN when a row was last updated.  Use SCN_TO_TIMESTAMP to translate the SCN into a timestamp.  Oracle 10g only."><![CDATA[ORA_ROWSCN]]></SqlTemplate>
<SqlTemplate Description="Returns a row&apos;s address, which contains information necessary to locate a row: which data block in the data file, which row in the data block, which data file."><![CDATA[ROWID]]></SqlTemplate>
<SqlTemplate Description="Returns a number indicating the order in which Oracle selects the row from a table or set of joined rows, before any ORDER BY clause is applied."><![CDATA[ROWNUM]]></SqlTemplate>
</CATEGORY>
<CATEGORY Name="Sql Optimizer hints">
<SqlTemplate Description="The ALL_ROWS hint explicitly chooses the cost-based approach to optimize a statement block with a goal of best throughput (that is, minimum total resource consumption)."><![CDATA[/*+ ALL_ROWS */]]></SqlTemplate>
<SqlTemplate Description="The FIRST_ROWS hint explicitly chooses the cost-based approach to optimize a statement block with a goal of best response time (minimum resource usage to return first row)."><![CDATA[/*+ FIRST_ROWS(integer) */]]></SqlTemplate>
<SqlTemplate Description="The CHOOSE hint causes the optimizer to choose between the rule-based and cost-based approaches for a SQL statement. The optimizer bases its selection on the presence of statistics for the tables accessed by the statement. If the data dictionary has statistics for at least one of these tables, then the optimizer uses the cost-based approach and optimizes with the goal of best throughput. If the data dictionary does not have statistics for these tables, then it uses the rule-based approach."><![CDATA[/*+ CHOOSE */]]></SqlTemplate>
<SqlTemplate Description="The FULL hint explicitly chooses a full table scan for the specified table."><![CDATA[/*+ FULL(table_name) */]]></SqlTemplate>
<SqlTemplate Description="The ROWID hint explicitly chooses a table scan by rowid for the specified table."><![CDATA[/*+ ROWID(table_name) */]]></SqlTemplate>
<SqlTemplate Description="The CLUSTER hint explicitly chooses a cluster scan to access the specified table. It applies only to clustered objects."><![CDATA[/*+ CLUSTER(table_name) */]]></SqlTemplate>
<SqlTemplate Description="The HASH hint explicitly chooses a hash scan to access the specified table. It applies only to tables stored in a cluster."><![CDATA[/*+ HASH(table_name) */]]></SqlTemplate>
<SqlTemplate Description="The INDEX hint explicitly chooses an index scan for the specified table. You can use the INDEX hint for domain, B-tree, bitmap, and bitmap join indexes. However, Oracle recommends using INDEX_COMBINE rather than INDEX for bitmap indexes, because it is a more versatile hint."><![CDATA[/*+ INDEX(table_name index_name) */]]></SqlTemplate>
<SqlTemplate Description="The INDEX_ASC hint explicitly chooses an index scan for the specified table. If the statement uses an index range scan, then Oracle scans the index entries in ascending order of their indexed values."><![CDATA[/*+ INDEX_ASC(table_name index_name) */]]></SqlTemplate>
<SqlTemplate Description="The INDEX_COMBINE hint explicitly chooses a bitmap access path for the table. If no indexes are given as arguments for the INDEX_COMBINE hint, then the optimizer uses whatever Boolean combination of bitmap indexes has the best cost estimate for the table. If certain indexes are given as arguments, then the optimizer tries to use some Boolean combination of those particular bitmap indexes."><![CDATA[/*+ INDEX_COMBINE(table_name index_name) */]]></SqlTemplate>
<SqlTemplate Description="The INDEX_JOIN hint explicitly instructs the optimizer to use an index join as an access path. For the hint to have a positive effect, a sufficiently small number of indexes must exist that contain all the columns required to resolve the query."><![CDATA[/*+ INDEX_JOIN(table_name index_name) */]]></SqlTemplate>
<SqlTemplate Description="The INDEX_DESC hint explicitly chooses an index scan for the specified table. If the statement uses an index range scan, then Oracle scans the index entries in descending order of their indexed values. In a partitioned index, the results are in descending order within each partition."><![CDATA[/*+ INDEX_DESC(table_name index_name) */]]></SqlTemplate>
<SqlTemplate Description="The INDEX_FFS hint causes a fast full index scan to be performed rather than a full table scan."><![CDATA[/*+ INDEX_FFS(table_name index_name) */]]></SqlTemplate>
<SqlTemplate Description="The NO_INDEX hint explicitly disallows a set of indexes for the specified table."><![CDATA[/*+ INDEX_NOINDEX(table_name index_name) */]]></SqlTemplate>
<SqlTemplate Description="The AND_EQUAL hint explicitly chooses an execution plan that uses an access path that merges the scans on several single-column indexes."><![CDATA[/*+ INDEX_NOINDEX(table_name index_name[,index_name]) */]]></SqlTemplate>
<SqlTemplate Description="The USE_CONCAT hint forces combined OR conditions in the WHERE clause of a query to be transformed into a compound query using the UNION ALL set operator. Generally, this transformation occurs only if the cost of the query using the concatenations is cheaper than the cost without them."><![CDATA[/*+ USE_CONCAT */]]></SqlTemplate>
<SqlTemplate Description="The NO_EXPAND hint prevents the cost-based optimizer from considering OR-expansion for queries having OR conditions or IN-lists in the WHERE clause. Usually, the optimizer considers using OR expansion and uses this method if it decides that the cost is lower than not using it."><![CDATA[/*+ NO_EXPAND */]]></SqlTemplate>
<SqlTemplate Description="The REWRITE hint forces the cost-based optimizer to rewrite a query in terms of materialized views, when possible, without cost consideration. Use the REWRITE hint with or without a view list. If you use REWRITE with a view list and the list contains an eligible materialized view, then Oracle uses that view regardless of its cost."><![CDATA[/*+ REWRITE(view_name) */]]></SqlTemplate>
<SqlTemplate Description="The NOREWRITE hint disables query rewrite for the query block, overriding the setting of the parameter QUERY_REWRITE_ENABLED. Use the NOREWRITE hint on any query block of a request."><![CDATA[/*+ NOREWRITE */]]></SqlTemplate>
<SqlTemplate Description="The MERGE hint lets you merge a view on a per-query basis."><![CDATA[/*+ MERGE(table_name) */]]></SqlTemplate>
<SqlTemplate Description="The NO_MERGE hint causes Oracle not to merge mergeable views."><![CDATA[/*+ NO_MERGE(table_name) */]]></SqlTemplate>
<SqlTemplate Description="The STAR_TRANSFORMATION hint makes the optimizer use the best plan in which the transformation has been used. Without the hint, the optimizer could make a cost-based decision to use the best plan generated without the transformation, instead of the best plan for the transformed query."><![CDATA[/*+ STAR_TRANSFORMATION */]]></SqlTemplate>
<SqlTemplate Description="The FACT hint is used in the context of the star transformation to indicate to the transformation that the hinted table should be considered as a fact table."><![CDATA[/*+ FACT(table_name) */]]></SqlTemplate>
<SqlTemplate Description="The NO_FACT hint is used in the context of the star transformation to indicate to the transformation that the hinted table should not be considered as a fact table."><![CDATA[/*+ NO_FACT(table_name) */]]></SqlTemplate>
<SqlTemplate Description="The ORDERED hint causes Oracle to join tables in the order in which they appear in the FROM clause."><![CDATA[/*+ ORDERED */]]></SqlTemplate>
<SqlTemplate Description="The STAR hint forces a star query plan to be used, if possible. A star plan has the largest table in the query last in the join order and joins it with a nested loops join on a concatenated index. The STAR hint applies when there are at least three tables, the large table&apos;s concatenated index has at least three columns, and there are no conflicting access or join method hints. The optimizer also considers different permutations of the small tables."><![CDATA[/*+ STAR */]]></SqlTemplate>
<SqlTemplate Description="The USE_NL hint causes Oracle to join each specified table to another row source with a nested loops join using the specified table as the inner table."><![CDATA[/*+ USE_NL(table_name) */]]></SqlTemplate>
<SqlTemplate Description="The USE_MERGE hint causes Oracle to join each specified table with another row source with a sort-merge join."><![CDATA[/*+ USE_MERGE(table_name) */]]></SqlTemplate>
<SqlTemplate Description="The USE_HASH hint causes Oracle to join each specified table with another row source with a hash join."><![CDATA[/*+ USE_HASH(table_name) */]]></SqlTemplate>
<SqlTemplate Description="The DRIVING_SITE hint forces query execution to be done at a different site than that selected by Oracle. This hint can be used with either rule-based or cost-based optimization."><![CDATA[/*+ DRIVING_SITE(table_name) */]]></SqlTemplate>
<SqlTemplate Description="The LEADING hint causes Oracle to use the specified table as the first table in the join order."><![CDATA[/*+ LEADING(table_name) */]]></SqlTemplate>
<SqlTemplate Description="For a specific query, place the MERGE_AJ hint into the NOT IN subquery. MERGE_AJ uses a sort-merge anti-join."><![CDATA[/*+ MERGE_AJ */]]></SqlTemplate>
<SqlTemplate Description="For a specific query, place the HASH_AJ hint into the NOT IN subquery. HASH_AJ uses a hash anti-join."><![CDATA[/*+ HASH_AJ */]]></SqlTemplate>
<SqlTemplate Description="For a specific query, place the NL_AJ hint into the NOT IN subquery. NL_AJ uses a nested loop anti-join."><![CDATA[/*+ NL_AJ */]]></SqlTemplate>
<SqlTemplate Description="The PARALLEL hint lets you specify the desired number of concurrent servers that can be used for a parallel operation. The hint applies to the INSERT, UPDATE, and DELETE portions of a statement as well as to the table scan portion."><![CDATA[/*+ PARALLEL(table_name degree) */]]></SqlTemplate>
<SqlTemplate Description="The NOPARALLEL hint overrides a PARALLEL specification in the table clause. In general, hints take precedence over table clauses."><![CDATA[/*+ NOPARALLEL(table_name) */]]></SqlTemplate>
<SqlTemplate Description="The PQ_DISTRIBUTE hint improves parallel join operation performance. Do this by specifying how rows of joined tables should be distributed among producer and consumer query servers. Using this hint overrides decisions the optimizer would normally make."><![CDATA[/*+ PQ_DISTRIBUTE(table_name table_distribution,table_distribution) */]]></SqlTemplate>
<SqlTemplate Description="When you use the APPEND hint for INSERT, data is simply appended to a table. Existing free space in the blocks currently allocated to the table is not used. If INSERT is parallelized using the PARALLEL hint or clause, then append mode is used by default. You can use NOAPPEND to override append mode. The APPEND hint applies to both serial and parallel insert. The append operation is performed in LOGGING or NOLOGGING mode, depending on whether the [NO] option is set for the table in question. Use the ALTER TABLE... [NO]LOGGING statement to set the appropriate value."><![CDATA[/*+ APPEND parallel_hint */]]></SqlTemplate>
<SqlTemplate Description="The NOAPPEND hint overrides append mode."><![CDATA[/*+ NOAPPEND */]]></SqlTemplate>
<SqlTemplate Description="The PARALLEL_INDEX hint specifies the desired number of concurrent servers that can be used to parallelize index range scans for partitioned indexes."><![CDATA[/*+ PARALLEL_INDEX(table_name, index_name, degree, RAC degree) */]]></SqlTemplate>
<SqlTemplate Description="The NOPARALLEL_INDEX hint overrides a PARALLEL attribute setting on an index to avoid a parallel index scan operation."><![CDATA[/*+ NOPARALLEL_INDEX(table_name index_name) */]]></SqlTemplate>
<SqlTemplate Description="The CACHE hint specifies that the blocks retrieved for the table are placed at the most recently used end of the LRU list in the buffer cache when a full table scan is performed. This option is useful for small lookup tables."><![CDATA[/*+ CACHE(table_name) */]]></SqlTemplate>
<SqlTemplate Description="The NOCACHE hint specifies that the blocks retrieved for the table are placed at the least recently used end of the LRU list in the buffer cache when a full table scan is performed. This is the normal behavior of blocks in the buffer cache."><![CDATA[/*+ NOCACHE(table_name) */]]></SqlTemplate>
<SqlTemplate Description="Setting the UNNEST_SUBQUERY session parameter to TRUE enables subquery unnesting. Subquery unnesting unnests and merges the body of the subquery into the body of the statement that contains it, allowing the optimizer to consider them together when evaluating access paths and joins."><![CDATA[/*+ UNNEST */]]></SqlTemplate>
<SqlTemplate Description="If you enabled subquery unnesting with the UNNEST_SUBQUERY parameter, then the NO_UNNEST hint turns it off for specific subquery blocks."><![CDATA[/*+ NO_UNNEST */]]></SqlTemplate>
<SqlTemplate Description="The PUSH_PRED hint forces pushing of a join predicate into the view."><![CDATA[/*+ PUSH_PRED(table_name) */]]></SqlTemplate>
<SqlTemplate Description="The NO_PUSH_PRED hint prevents pushing of a join predicate into the view."><![CDATA[/*+ NO_PUSH_PRED(table_name) */]]></SqlTemplate>
<SqlTemplate Description="The PUSH_SUBQ hint causes non-merged subqueries to be evaluated at the earliest possible place in the execution plan. Generally, subqueries that are not merged are executed as the last step in the execution plan. If the subquery is relatively inexpensive and reduces the number of rows significantly, then it improves performance to evaluate the subquery earlier."><![CDATA[/*+ PUSH_SUBQ */]]></SqlTemplate>
<SqlTemplate Description="The ORDERED_PREDICATES hint forces the optimizer to preserve the order of predicate evaluation, except for predicates used as index keys. Use this hint in the WHERE clause of SELECT statements."><![CDATA[/*+ ORDERED_PREDICATES */]]></SqlTemplate>
<SqlTemplate Description="Oracle can replace literals in SQL statements with bind variables if it is safe to do so. This is controlled with the CURSOR_SHARING startup parameter. The CURSOR_SHARING_EXACT hint causes this behavior to be switched off. In other words, Oracle executes the SQL statement without any attempt to replace literals by bind variables."><![CDATA[/*+ CURSOR_SHARING_EXACT */]]></SqlTemplate>
</CATEGORY>
<CATEGORY Name="Defined Exceptions">
<SqlTemplate Description="ORA-06530 Your program attempts to assign values to the attributes of an uninitialized (atomically null) object."><![CDATA[ACCESS_INTO_NULL]]></SqlTemplate>
<SqlTemplate Description="ORA-06531 Your program attempts to apply collection methods other than EXISTS to an uninitialized (atomically null) nested table or varray, or the program attempts to assign values to the elements of an uninitialized nested table or varray."><![CDATA[COLLECTION_IS_NULL]]></SqlTemplate>
<SqlTemplate Description="ORA-06511 Your program attempts to open an already open cursor. A cursor must be closed before it can be reopened.  A cursor FOR loop automatically opens the cursor to which it refers. So, your program cannot open that cursor inside the loop."><![CDATA[CURSOR_ALREADY_OPEN]]></SqlTemplate>
<SqlTemplate Description="ORA-00001 Your program attempts to store duplicate values in a database column that is constrained by a unique index."><![CDATA[DUP_VAL_ON_INDEX]]></SqlTemplate>
<SqlTemplate Description="ORA-01001 Your program attempts an illegal cursor operation such as closing an unopened cursor."><![CDATA[INVALID_CURSOR]]></SqlTemplate>
<SqlTemplate Description="ORA-01722 In a SQL statement, the conversion of a character string into a number fails because the string does not represent a valid number. (In procedural statements, VALUE_ERROR is raised.)"><![CDATA[INVALID_NUMBER]]></SqlTemplate>
<SqlTemplate Description="ORA-01017 Your program attempts to log on to Oracle with an invalid username and/or password."><![CDATA[LOGIN_DENIED]]></SqlTemplate>
<SqlTemplate Description="ORA-01403 A SELECT INTO statement returns no rows, or your program references a deleted element in a nested table or an uninitialized element in an index-by table.  SQL aggregate functions such as AVG and SUM always return a value or a null. So, a SELECT INTO statement that calls a aggregate function will never raise NO_DATA_FOUND. The FETCH statement is expected to return no rows eventually, so when that happens, no exception is raised."><![CDATA[NO_DATA_FOUND]]></SqlTemplate>
<SqlTemplate Description="ORA-01012 Your program issues a database call without being connected to Oracle."><![CDATA[NOT_LOGGED_ON]]></SqlTemplate>
<SqlTemplate Description="ORA-06501 PL/SQL has an internal problem."><![CDATA[PROGRAM_ERROR]]></SqlTemplate>
<SqlTemplate Description="ORA-06504 The host cursor variable and PL/SQL cursor variable involved in an assignment have incompatible return types. For example, when an open host cursor variable is passed to a stored subprogram, the return types of the actual and formal parameters must be compatible."><![CDATA[ROWTYPE_MISMATCH]]></SqlTemplate>
<SqlTemplate Description="ORA-30625 Your program attempts to call a MEMBER method on a null instance. That is, the built-in parameter SELF (which is always the first parameter passed to a MEMBER method) is null."><![CDATA[SELF_IS_NULL]]></SqlTemplate>
<SqlTemplate Description="ORA-06500 PL/SQL runs out of memory or memory has been corrupted."><![CDATA[STORAGE_ERROR]]></SqlTemplate>
<SqlTemplate Description="ORA-06533 Your program references a nested table or varray element using an index number larger than the number of elements in the collection."><![CDATA[SUBSCRIPT_BEYOND_COUNT]]></SqlTemplate>
<SqlTemplate Description="ORA-06532 Your program references a nested table or varray element using an index number (-1 for example) that is outside the legal range."><![CDATA[SUBSCRIPT_OUTSIDE_LIMIT]]></SqlTemplate>
<SqlTemplate Description="ORA-01410 The conversion of a character string into a universal rowid fails because the character string does not represent a valid rowid."><![CDATA[SYS_INVALID_ROWID]]></SqlTemplate>
<SqlTemplate Description="ORA-00051 A time-out occurs while Oracle is waiting for a resource."><![CDATA[TIMEOUT_ON_RESOURCE]]></SqlTemplate>
<SqlTemplate Description="ORA-01422 A SELECT INTO statement returns more than one row."><![CDATA[TOO_MANY_ROWS]]></SqlTemplate>
<SqlTemplate Description="ORA-06502 An arithmetic, conversion, truncation, or size-constraint error occurs. For example, when your program selects a column value into a character variable, if the value is longer than the declared length of the variable, PL/SQL aborts the assignment and raises VALUE_ERROR. In procedural statements, VALUE_ERROR is raised if the conversion of a character string into a number fails. (In SQL statements, INVALID_NUMBER is raised.)"><![CDATA[VALUE_ERROR]]></SqlTemplate>
<SqlTemplate Description="ORA-01476 Your program attempts to divide a number by zero."><![CDATA[ZERO_DIVIDE]]></SqlTemplate>
</CATEGORY>
<CATEGORY Name="User provided Function List">
<SqlTemplate Description="This is an example of a custom user function."><![CDATA[f_my_user_function]]></SqlTemplate>
</CATEGORY>
<CATEGORY Name="Cursor attributes">
<SqlTemplate Description="If a cursor is open, cursor_name%ISOPEN returns TRUE; otherwise, it returns FALSE."> <![CDATA[%ISOPEN]]> </SqlTemplate>
<SqlTemplate Description="Returns TRUE if the last fetch from the cursor returned a row, or FALSE if the last fetch failed to return a row."> <![CDATA[%FOUND]]> </SqlTemplate>
<SqlTemplate Description="Returns FALSE if the last fetch from the cursor returned a row, or TRUE if the last fetch failed to return a row."> <![CDATA[%NOTFOUND]]> </SqlTemplate>
<SqlTemplate Description="Returns the number of rows returned so far from the cursor. Reset to zero when the cursor is opened."> <![CDATA[%ROWCOUNT]]> </SqlTemplate>
<SqlTemplate Description="Returns the number of rows processed by a FORALL operation. This attribute applies to the implicit cursor named SQL only."> <![CDATA[%BULK_ROWCOUNT]]> </SqlTemplate>
<SqlTemplate Description="Returns the number of rows processed by a FORALL operation with the SAVE_EXCEPTIONS clause. This attribute applies to the implicit cursor named SQL only."> <![CDATA[%BULK_EXCEPTIONS]]> </SqlTemplate>
<SqlTemplate Description="Allows the definition of a variable to receive a complete row from the cursor."> <![CDATA[%ROWTYPE]]></SqlTemplate></CATEGORY>
</CodeSnippets>
</Templates>
